Repository,Commit Hash,Severity_High,Severity_Medium,Severity_Low,Confidence_High,Confidence_Medium,Confidence_Low,CWE_Counts
activitywatch,01b3fb4468156f3f8ba95e5495eaad4ded1f706b,8,33,626,653,11,3,"{""78"": 80, ""400"": 2, ""703"": 517, ""20"": 17, ""259"": 10, ""330"": 22, ""502"": 6, ""327"": 6, ""22"": 5, ""377"": 2}"
activitywatch,038d48a656845f76327234ff05bbbb1f28941654,8,33,626,653,11,3,"{""78"": 80, ""400"": 2, ""703"": 517, ""20"": 17, ""259"": 10, ""330"": 22, ""502"": 6, ""327"": 6, ""22"": 5, ""377"": 2}"
activitywatch,04fbfacbea41650c961f39550516a893602e658d,8,33,626,653,11,3,"{""78"": 80, ""400"": 2, ""703"": 517, ""20"": 17, ""259"": 10, ""330"": 22, ""502"": 6, ""327"": 6, ""22"": 5, ""377"": 2}"
activitywatch,0520dd0727f261214742c98398f5e471bf7c6b70,8,33,626,653,11,3,"{""78"": 80, ""400"": 2, ""703"": 517, ""20"": 17, ""259"": 10, ""330"": 22, ""502"": 6, ""327"": 6, ""22"": 5, ""377"": 2}"
activitywatch,05a8a40e83bd102ad07f0cb34a9b69ac0ba9e5bc,8,33,626,653,11,3,"{""78"": 80, ""400"": 2, ""703"": 517, ""20"": 17, ""259"": 10, ""330"": 22, ""502"": 6, ""327"": 6, ""22"": 5, ""377"": 2}"
activitywatch,05b6646095b8ee8579e3f1a2e1d9ce61f056933b,8,33,623,650,11,3,"{""78"": 78, ""400"": 2, ""703"": 516, ""20"": 17, ""259"": 10, ""330"": 22, ""502"": 6, ""327"": 6, ""22"": 5, ""377"": 2}"
activitywatch,065aaa26120a61c62bc56db17888df0502c5d728,8,33,623,650,11,3,"{""78"": 78, ""400"": 2, ""703"": 516, ""20"": 17, ""259"": 10, ""330"": 22, ""502"": 6, ""327"": 6, ""22"": 5, ""377"": 2}"
activitywatch,08ad2bece85fb828eb434395747225ae7552cd84,8,33,626,653,11,3,"{""78"": 80, ""400"": 2, ""703"": 517, ""20"": 17, ""259"": 10, ""330"": 22, ""502"": 6, ""327"": 6, ""22"": 5, ""377"": 2}"
activitywatch,0951338520215ee6fe9c4a337a628f1826224831,8,33,626,653,11,3,"{""78"": 80, ""400"": 2, ""703"": 517, ""20"": 17, ""259"": 10, ""330"": 22, ""502"": 6, ""327"": 6, ""22"": 5, ""377"": 2}"
activitywatch,10dfeda91c5202a635290c1b3718f3a1537735bf,8,33,626,653,11,3,"{""78"": 80, ""400"": 2, ""703"": 517, ""20"": 17, ""259"": 10, ""330"": 22, ""502"": 6, ""327"": 6, ""22"": 5, ""377"": 2}"
activitywatch,11773ad5a498f372efc4b25c895322e10803a023,8,33,626,653,11,3,"{""78"": 80, ""400"": 2, ""703"": 517, ""20"": 17, ""259"": 10, ""330"": 22, ""502"": 6, ""327"": 6, ""22"": 5, ""377"": 2}"
activitywatch,127020953f960e101093dade56510e1480eec024,8,33,623,650,11,3,"{""78"": 78, ""400"": 2, ""703"": 516, ""20"": 17, ""259"": 10, ""330"": 22, ""502"": 6, ""327"": 6, ""22"": 5, ""377"": 2}"
activitywatch,13d957f77904cbea6df8d8f0db95f23605522e27,8,33,626,653,11,3,"{""78"": 80, ""400"": 2, ""703"": 517, ""20"": 17, ""259"": 10, ""330"": 22, ""502"": 6, ""327"": 6, ""22"": 5, ""377"": 2}"
activitywatch,18b01d95ff59fee7f0d11c33ba21245079cf5704,8,33,626,653,11,3,"{""78"": 80, ""400"": 2, ""703"": 517, ""20"": 17, ""259"": 10, ""330"": 22, ""502"": 6, ""327"": 6, ""22"": 5, ""377"": 2}"
activitywatch,1b7546b6915bcbd4408c5491192e4de4cd1831bb,8,33,626,653,11,3,"{""78"": 80, ""400"": 2, ""703"": 517, ""20"": 17, ""259"": 10, ""330"": 22, ""502"": 6, ""327"": 6, ""22"": 5, ""377"": 2}"
activitywatch,20649af0b74335635999de47272baf570b1a5bff,8,33,626,653,11,3,"{""78"": 80, ""400"": 2, ""703"": 517, ""20"": 17, ""259"": 10, ""330"": 22, ""502"": 6, ""327"": 6, ""22"": 5, ""377"": 2}"
activitywatch,21579d70bfe9f15040b29d4095ef1a11189045a9,8,33,623,650,11,3,"{""78"": 78, ""400"": 2, ""703"": 516, ""20"": 17, ""259"": 10, ""330"": 22, ""502"": 6, ""327"": 6, ""22"": 5, ""377"": 2}"
activitywatch,26fe7791da22fed016934526f51dd7121cd01dc6,8,33,626,653,11,3,"{""78"": 80, ""400"": 2, ""703"": 517, ""20"": 17, ""259"": 10, ""330"": 22, ""502"": 6, ""327"": 6, ""22"": 5, ""377"": 2}"
activitywatch,2a94a5707cc39c4ddfa31ab5a4d501266b860378,8,33,626,653,11,3,"{""78"": 80, ""400"": 2, ""703"": 517, ""20"": 17, ""259"": 10, ""330"": 22, ""502"": 6, ""327"": 6, ""22"": 5, ""377"": 2}"
activitywatch,2c0216d6ed8a0b54d9614bcba49fdb8dd22168b8,8,33,626,653,11,3,"{""78"": 80, ""400"": 2, ""703"": 517, ""20"": 17, ""259"": 10, ""330"": 22, ""502"": 6, ""327"": 6, ""22"": 5, ""377"": 2}"
activitywatch,2c4a97632acf1e4c8eff57c6ba69d15a403a9aa5,8,33,623,650,11,3,"{""78"": 78, ""400"": 2, ""703"": 516, ""20"": 17, ""259"": 10, ""330"": 22, ""502"": 6, ""327"": 6, ""22"": 5, ""377"": 2}"
activitywatch,2d448719222c4703e3ed4969d1d0b53ef8485f48,8,33,626,653,11,3,"{""78"": 80, ""400"": 2, ""703"": 517, ""20"": 17, ""259"": 10, ""330"": 22, ""502"": 6, ""327"": 6, ""22"": 5, ""377"": 2}"
activitywatch,2f5fc91efacd4f493819d665d8228c20d4c9dec3,8,33,623,650,11,3,"{""78"": 78, ""400"": 2, ""703"": 516, ""20"": 17, ""259"": 10, ""330"": 22, ""502"": 6, ""327"": 6, ""22"": 5, ""377"": 2}"
activitywatch,37b0801a47683cd9be94a63661716cc89cff0345,8,33,623,650,11,3,"{""78"": 78, ""400"": 2, ""703"": 516, ""20"": 17, ""259"": 10, ""330"": 22, ""502"": 6, ""327"": 6, ""22"": 5, ""377"": 2}"
activitywatch,385c8b5e17048a6e589c2db53b2f6d6128146790,8,33,626,653,11,3,"{""78"": 80, ""400"": 2, ""703"": 517, ""20"": 17, ""259"": 10, ""330"": 22, ""502"": 6, ""327"": 6, ""22"": 5, ""377"": 2}"
activitywatch,3986ee6f547307ef21e1a1eac2bd31cea46a6002,8,33,626,653,11,3,"{""78"": 80, ""400"": 2, ""703"": 517, ""20"": 17, ""259"": 10, ""330"": 22, ""502"": 6, ""327"": 6, ""22"": 5, ""377"": 2}"
activitywatch,3ada5788c43c6114ab2ca942cc91943af7863192,8,33,626,653,11,3,"{""78"": 80, ""400"": 2, ""703"": 517, ""20"": 17, ""259"": 10, ""330"": 22, ""502"": 6, ""327"": 6, ""22"": 5, ""377"": 2}"
activitywatch,3d13102f300ccf754db9e5cda2a6568741afbd7b,8,33,626,653,11,3,"{""78"": 80, ""400"": 2, ""703"": 517, ""20"": 17, ""259"": 10, ""330"": 22, ""502"": 6, ""327"": 6, ""22"": 5, ""377"": 2}"
activitywatch,3dc811fab9df53edaecaba81e2d9bb6222b15282,8,33,626,653,11,3,"{""78"": 80, ""400"": 2, ""703"": 517, ""20"": 17, ""259"": 10, ""330"": 22, ""502"": 6, ""327"": 6, ""22"": 5, ""377"": 2}"
activitywatch,3ea3ca3e8c9f9d97e087aba8a6d4e0a248db354c,8,33,626,653,11,3,"{""78"": 80, ""400"": 2, ""703"": 517, ""20"": 17, ""259"": 10, ""330"": 22, ""502"": 6, ""327"": 6, ""22"": 5, ""377"": 2}"
activitywatch,415180db13173cb89a9e653293d32b5c0a7411e1,8,33,623,650,11,3,"{""78"": 78, ""400"": 2, ""703"": 516, ""20"": 17, ""259"": 10, ""330"": 22, ""502"": 6, ""327"": 6, ""22"": 5, ""377"": 2}"
activitywatch,41a72d7f6e4496098a4cc7171533a64821e7c6d5,8,33,626,653,11,3,"{""78"": 80, ""400"": 2, ""703"": 517, ""20"": 17, ""259"": 10, ""330"": 22, ""502"": 6, ""327"": 6, ""22"": 5, ""377"": 2}"
activitywatch,42187d8d7c4f17b4935d240e7c2a1249060859ae,8,33,626,653,11,3,"{""78"": 80, ""400"": 2, ""703"": 517, ""20"": 17, ""259"": 10, ""330"": 22, ""502"": 6, ""327"": 6, ""22"": 5, ""377"": 2}"
activitywatch,43cbad1a4fefdf9e432de66dd3951650bca534a9,8,33,626,653,11,3,"{""78"": 80, ""400"": 2, ""703"": 517, ""20"": 17, ""259"": 10, ""330"": 22, ""502"": 6, ""327"": 6, ""22"": 5, ""377"": 2}"
activitywatch,4651b2b5a10dfe7e460114373f40d40976a28bff,8,33,626,653,11,3,"{""78"": 80, ""400"": 2, ""703"": 517, ""20"": 17, ""259"": 10, ""330"": 22, ""502"": 6, ""327"": 6, ""22"": 5, ""377"": 2}"
activitywatch,468976e6b499b9e4220ec2de3fdfc7bf185f997a,8,33,623,650,11,3,"{""78"": 78, ""400"": 2, ""703"": 516, ""20"": 17, ""259"": 10, ""330"": 22, ""502"": 6, ""327"": 6, ""22"": 5, ""377"": 2}"
activitywatch,469cbbafbaae4ac6b9252cfbbf3400ae470536e9,8,33,626,653,11,3,"{""78"": 80, ""400"": 2, ""703"": 517, ""20"": 17, ""259"": 10, ""330"": 22, ""502"": 6, ""327"": 6, ""22"": 5, ""377"": 2}"
activitywatch,490accd35b99d65754209a98ba01940a177228dd,8,33,623,650,11,3,"{""78"": 78, ""400"": 2, ""703"": 516, ""20"": 17, ""259"": 10, ""330"": 22, ""502"": 6, ""327"": 6, ""22"": 5, ""377"": 2}"
activitywatch,4a4377d1528ba7fa91389f8a34162f271a443f21,8,33,623,650,11,3,"{""78"": 78, ""400"": 2, ""703"": 516, ""20"": 17, ""259"": 10, ""330"": 22, ""502"": 6, ""327"": 6, ""22"": 5, ""377"": 2}"
activitywatch,4e32cfec1b531a0e6ac139c0ddb0617f7e983d71,8,33,626,653,11,3,"{""78"": 80, ""400"": 2, ""703"": 517, ""20"": 17, ""259"": 10, ""330"": 22, ""502"": 6, ""327"": 6, ""22"": 5, ""377"": 2}"
activitywatch,547aac5712060fd27e2606cfbaf766d3ace07d81,8,33,623,650,11,3,"{""78"": 78, ""400"": 2, ""703"": 516, ""20"": 17, ""259"": 10, ""330"": 22, ""502"": 6, ""327"": 6, ""22"": 5, ""377"": 2}"
activitywatch,5544df6946612096f227306ca2366ff3160343c3,8,33,626,653,11,3,"{""78"": 80, ""400"": 2, ""703"": 517, ""20"": 17, ""259"": 10, ""330"": 22, ""502"": 6, ""327"": 6, ""22"": 5, ""377"": 2}"
activitywatch,56422a3b9570a0ea4c20b5f8e7c88643f6e028c1,8,33,626,653,11,3,"{""78"": 80, ""400"": 2, ""703"": 517, ""20"": 17, ""259"": 10, ""330"": 22, ""502"": 6, ""327"": 6, ""22"": 5, ""377"": 2}"
activitywatch,5a29312ae92f0f8ad78d807a31a5fd3324eab8f5,8,33,623,650,11,3,"{""78"": 78, ""400"": 2, ""703"": 516, ""20"": 17, ""259"": 10, ""330"": 22, ""502"": 6, ""327"": 6, ""22"": 5, ""377"": 2}"
activitywatch,5b75e58c62f9269138f0746b549b7f8f94f5a2e1,8,33,626,653,11,3,"{""78"": 80, ""400"": 2, ""703"": 517, ""20"": 17, ""259"": 10, ""330"": 22, ""502"": 6, ""327"": 6, ""22"": 5, ""377"": 2}"
activitywatch,5f833cfac5d3e0e43aeb05bf75687b3123c0106f,8,33,626,653,11,3,"{""78"": 80, ""400"": 2, ""703"": 517, ""20"": 17, ""259"": 10, ""330"": 22, ""502"": 6, ""327"": 6, ""22"": 5, ""377"": 2}"
activitywatch,6888f5f125259d3a7999bf2db8c87a4741f66ae0,8,33,626,653,11,3,"{""78"": 80, ""400"": 2, ""703"": 517, ""20"": 17, ""259"": 10, ""330"": 22, ""502"": 6, ""327"": 6, ""22"": 5, ""377"": 2}"
activitywatch,6b67ec60c2b74a486a1b6ce8ec6edb7205892582,8,33,626,653,11,3,"{""78"": 80, ""400"": 2, ""703"": 517, ""20"": 17, ""259"": 10, ""330"": 22, ""502"": 6, ""327"": 6, ""22"": 5, ""377"": 2}"
activitywatch,6c26ebd776512f29b32c5fc81eb796988103ac54,8,33,626,653,11,3,"{""78"": 80, ""400"": 2, ""703"": 517, ""20"": 17, ""259"": 10, ""330"": 22, ""502"": 6, ""327"": 6, ""22"": 5, ""377"": 2}"
activitywatch,6ccbb803244799198ac686d90bf9350f1c0824a8,8,33,626,653,11,3,"{""78"": 80, ""400"": 2, ""703"": 517, ""20"": 17, ""259"": 10, ""330"": 22, ""502"": 6, ""327"": 6, ""22"": 5, ""377"": 2}"
activitywatch,6de29d8c1450b9d34cf6e6571b4babbace9a6c4b,8,33,626,653,11,3,"{""78"": 80, ""400"": 2, ""703"": 517, ""20"": 17, ""259"": 10, ""330"": 22, ""502"": 6, ""327"": 6, ""22"": 5, ""377"": 2}"
activitywatch,6f0518add7edf31c50ce0df74a6ae4676124f186,8,33,626,653,11,3,"{""78"": 80, ""400"": 2, ""703"": 517, ""20"": 17, ""259"": 10, ""330"": 22, ""502"": 6, ""327"": 6, ""22"": 5, ""377"": 2}"
activitywatch,6f57659876b1e226130a4f582817cca479e88bd9,8,33,626,653,11,3,"{""78"": 80, ""400"": 2, ""703"": 517, ""20"": 17, ""259"": 10, ""330"": 22, ""502"": 6, ""327"": 6, ""22"": 5, ""377"": 2}"
activitywatch,7542fc1f551e2e09d2dcb2725f174c2da0ca1115,8,33,626,653,11,3,"{""78"": 80, ""400"": 2, ""703"": 517, ""20"": 17, ""259"": 10, ""330"": 22, ""502"": 6, ""327"": 6, ""22"": 5, ""377"": 2}"
activitywatch,78d2b9d2a229aa38dc99935a3a8c764dccdc7005,8,33,626,653,11,3,"{""78"": 80, ""400"": 2, ""703"": 517, ""20"": 17, ""259"": 10, ""330"": 22, ""502"": 6, ""327"": 6, ""22"": 5, ""377"": 2}"
activitywatch,7aeb31c81c88b954751b677f3bed639de34afe4b,8,33,626,653,11,3,"{""78"": 80, ""400"": 2, ""703"": 517, ""20"": 17, ""259"": 10, ""330"": 22, ""502"": 6, ""327"": 6, ""22"": 5, ""377"": 2}"
activitywatch,7d695c6d99053797c9ef8951dafbb8bb747f1e35,8,33,623,650,11,3,"{""78"": 78, ""400"": 2, ""703"": 516, ""20"": 17, ""259"": 10, ""330"": 22, ""502"": 6, ""327"": 6, ""22"": 5, ""377"": 2}"
activitywatch,801cc8ad002fd262801f136e1bc31835241f8c2f,8,33,626,653,11,3,"{""78"": 80, ""400"": 2, ""703"": 517, ""20"": 17, ""259"": 10, ""330"": 22, ""502"": 6, ""327"": 6, ""22"": 5, ""377"": 2}"
activitywatch,839d99ffabe8a0281d332a2fddfb78514266698b,8,33,626,653,11,3,"{""78"": 80, ""400"": 2, ""703"": 517, ""20"": 17, ""259"": 10, ""330"": 22, ""502"": 6, ""327"": 6, ""22"": 5, ""377"": 2}"
activitywatch,885dbd7c2124dc0a6145f714e5340b78eaf14535,8,33,626,653,11,3,"{""78"": 80, ""400"": 2, ""703"": 517, ""20"": 17, ""259"": 10, ""330"": 22, ""502"": 6, ""327"": 6, ""22"": 5, ""377"": 2}"
activitywatch,8dc38ba6f6131fe47424abd02d45bde9cdb5e747,8,33,626,653,11,3,"{""78"": 80, ""400"": 2, ""703"": 517, ""20"": 17, ""259"": 10, ""330"": 22, ""502"": 6, ""327"": 6, ""22"": 5, ""377"": 2}"
activitywatch,915418dcef613d691e670811d55f09a1b228bd84,8,33,626,653,11,3,"{""78"": 80, ""400"": 2, ""703"": 517, ""20"": 17, ""259"": 10, ""330"": 22, ""502"": 6, ""327"": 6, ""22"": 5, ""377"": 2}"
activitywatch,923623127145875666d11c06b9d4e8e995c51921,8,33,623,650,11,3,"{""78"": 78, ""400"": 2, ""703"": 516, ""20"": 17, ""259"": 10, ""330"": 22, ""502"": 6, ""327"": 6, ""22"": 5, ""377"": 2}"
activitywatch,95e746f3154e0ad4a3ff015c50cb578bc454ce8b,8,33,626,653,11,3,"{""78"": 80, ""400"": 2, ""703"": 517, ""20"": 17, ""259"": 10, ""330"": 22, ""502"": 6, ""327"": 6, ""22"": 5, ""377"": 2}"
activitywatch,96626a43dd8a137f09a6c077bd30082f7b18fb79,8,33,626,653,11,3,"{""78"": 80, ""400"": 2, ""703"": 517, ""20"": 17, ""259"": 10, ""330"": 22, ""502"": 6, ""327"": 6, ""22"": 5, ""377"": 2}"
activitywatch,98fcd711298fd43217d4824c1ae1e50c88053d82,8,33,626,653,11,3,"{""78"": 80, ""400"": 2, ""703"": 517, ""20"": 17, ""259"": 10, ""330"": 22, ""502"": 6, ""327"": 6, ""22"": 5, ""377"": 2}"
activitywatch,9afdb51c34cd670b48ef307ab090165c89a45115,8,33,626,653,11,3,"{""78"": 80, ""400"": 2, ""703"": 517, ""20"": 17, ""259"": 10, ""330"": 22, ""502"": 6, ""327"": 6, ""22"": 5, ""377"": 2}"
activitywatch,9e503a2413461a6c2c31c38c8e151a72c53fdf37,8,33,626,653,11,3,"{""78"": 80, ""400"": 2, ""703"": 517, ""20"": 17, ""259"": 10, ""330"": 22, ""502"": 6, ""327"": 6, ""22"": 5, ""377"": 2}"
activitywatch,a116b27b2bd0876ea8b3f21e98b6138c46529abf,8,33,623,650,11,3,"{""78"": 78, ""400"": 2, ""703"": 516, ""20"": 17, ""259"": 10, ""330"": 22, ""502"": 6, ""327"": 6, ""22"": 5, ""377"": 2}"
activitywatch,a1187567db284a8a6a9945d4dc74860082c675ae,8,33,626,653,11,3,"{""78"": 80, ""400"": 2, ""703"": 517, ""20"": 17, ""259"": 10, ""330"": 22, ""502"": 6, ""327"": 6, ""22"": 5, ""377"": 2}"
activitywatch,a138629cbbf3773569050aad5d8bd6ce959c365d,8,33,626,653,11,3,"{""78"": 80, ""400"": 2, ""703"": 517, ""20"": 17, ""259"": 10, ""330"": 22, ""502"": 6, ""327"": 6, ""22"": 5, ""377"": 2}"
activitywatch,a9955459c94410d1f7534d1c4fdbffda33954226,8,33,626,653,11,3,"{""78"": 80, ""400"": 2, ""703"": 517, ""20"": 17, ""259"": 10, ""330"": 22, ""502"": 6, ""327"": 6, ""22"": 5, ""377"": 2}"
activitywatch,adc3d16f4f13f61b2f0633725311ac34d6697314,8,33,626,653,11,3,"{""78"": 80, ""400"": 2, ""703"": 517, ""20"": 17, ""259"": 10, ""330"": 22, ""502"": 6, ""327"": 6, ""22"": 5, ""377"": 2}"
activitywatch,b1a4179b95196bb761e04971fe431ff67af281c2,8,33,626,653,11,3,"{""78"": 80, ""400"": 2, ""703"": 517, ""20"": 17, ""259"": 10, ""330"": 22, ""502"": 6, ""327"": 6, ""22"": 5, ""377"": 2}"
activitywatch,b646802dacb7a1e255c8de05c18cf172d6eeac4c,8,33,623,650,11,3,"{""78"": 78, ""400"": 2, ""703"": 516, ""20"": 17, ""259"": 10, ""330"": 22, ""502"": 6, ""327"": 6, ""22"": 5, ""377"": 2}"
activitywatch,bd5123aef8cac84104e89f0421086fd2b8d7e085,8,33,626,653,11,3,"{""78"": 80, ""400"": 2, ""703"": 517, ""20"": 17, ""259"": 10, ""330"": 22, ""502"": 6, ""327"": 6, ""22"": 5, ""377"": 2}"
activitywatch,be605573fb608a2f348500cc4c36e166925bc5ee,8,33,623,650,11,3,"{""78"": 78, ""400"": 2, ""703"": 516, ""20"": 17, ""259"": 10, ""330"": 22, ""502"": 6, ""327"": 6, ""22"": 5, ""377"": 2}"
activitywatch,bfa33f05592b1c7677360d8c2b98141bd395fc4e,8,33,623,650,11,3,"{""78"": 78, ""400"": 2, ""703"": 516, ""20"": 17, ""259"": 10, ""330"": 22, ""502"": 6, ""327"": 6, ""22"": 5, ""377"": 2}"
activitywatch,c9e4d11cee5b6d82c0f4b7307f3d422881dd56b2,8,33,623,650,11,3,"{""78"": 78, ""400"": 2, ""703"": 516, ""20"": 17, ""259"": 10, ""330"": 22, ""502"": 6, ""327"": 6, ""22"": 5, ""377"": 2}"
activitywatch,cb245cc8a560b05575797cac61f5d729f9527446,8,33,626,653,11,3,"{""78"": 80, ""400"": 2, ""703"": 517, ""20"": 17, ""259"": 10, ""330"": 22, ""502"": 6, ""327"": 6, ""22"": 5, ""377"": 2}"
activitywatch,cdc8d5eea2b7d0768804e94d3d0ffb22ab7595dd,8,33,626,653,11,3,"{""78"": 80, ""400"": 2, ""703"": 517, ""20"": 17, ""259"": 10, ""330"": 22, ""502"": 6, ""327"": 6, ""22"": 5, ""377"": 2}"
activitywatch,cde5beaeec644aa05833df9b5f47071d0fc60716,8,33,626,653,11,3,"{""78"": 80, ""400"": 2, ""703"": 517, ""20"": 17, ""259"": 10, ""330"": 22, ""502"": 6, ""327"": 6, ""22"": 5, ""377"": 2}"
activitywatch,d1f6e5a3338c2f8c5e7f8869f2aa25946fd1286b,8,33,626,653,11,3,"{""78"": 80, ""400"": 2, ""703"": 517, ""20"": 17, ""259"": 10, ""330"": 22, ""502"": 6, ""327"": 6, ""22"": 5, ""377"": 2}"
activitywatch,d27def75dbee87e20075096f7d93b7cd9dc53955,8,33,623,650,11,3,"{""78"": 78, ""400"": 2, ""703"": 516, ""20"": 17, ""259"": 10, ""330"": 22, ""502"": 6, ""327"": 6, ""22"": 5, ""377"": 2}"
activitywatch,d8c2af8e03b8a9b641c38e1ea0025f8c4406cace,8,33,626,653,11,3,"{""78"": 80, ""400"": 2, ""703"": 517, ""20"": 17, ""259"": 10, ""330"": 22, ""502"": 6, ""327"": 6, ""22"": 5, ""377"": 2}"
activitywatch,de9dbad0f8b4aaa338317974999cd9a42c93d192,8,33,623,650,11,3,"{""78"": 78, ""400"": 2, ""703"": 516, ""20"": 17, ""259"": 10, ""330"": 22, ""502"": 6, ""327"": 6, ""22"": 5, ""377"": 2}"
activitywatch,dfb1379a3a39abfeafedbcd4bc0d4b603d98030d,8,33,626,653,11,3,"{""78"": 80, ""400"": 2, ""703"": 517, ""20"": 17, ""259"": 10, ""330"": 22, ""502"": 6, ""327"": 6, ""22"": 5, ""377"": 2}"
activitywatch,e1de509120735e4434034aa096d426d69f474cec,8,33,626,653,11,3,"{""78"": 80, ""400"": 2, ""703"": 517, ""20"": 17, ""259"": 10, ""330"": 22, ""502"": 6, ""327"": 6, ""22"": 5, ""377"": 2}"
activitywatch,e5127d8fb3168f167b09542948b0903c5fd3c381,8,33,626,653,11,3,"{""78"": 80, ""400"": 2, ""703"": 517, ""20"": 17, ""259"": 10, ""330"": 22, ""502"": 6, ""327"": 6, ""22"": 5, ""377"": 2}"
activitywatch,e7e02b0d73603de1ec8576ebb4c5bf344b194888,8,33,626,653,11,3,"{""78"": 80, ""400"": 2, ""703"": 517, ""20"": 17, ""259"": 10, ""330"": 22, ""502"": 6, ""327"": 6, ""22"": 5, ""377"": 2}"
activitywatch,ea9aab72a3eb734d0df4b26e11db4c7af1de2513,8,33,623,650,11,3,"{""78"": 78, ""400"": 2, ""703"": 516, ""20"": 17, ""259"": 10, ""330"": 22, ""502"": 6, ""327"": 6, ""22"": 5, ""377"": 2}"
activitywatch,edcb2bc352bfc3415429e80c3951cdb50cd1a02b,8,33,623,650,11,3,"{""78"": 78, ""400"": 2, ""703"": 516, ""20"": 17, ""259"": 10, ""330"": 22, ""502"": 6, ""327"": 6, ""22"": 5, ""377"": 2}"
activitywatch,f364ef578c1bf28aac569716e616c17edc9e7946,8,33,626,653,11,3,"{""78"": 80, ""400"": 2, ""703"": 517, ""20"": 17, ""259"": 10, ""330"": 22, ""502"": 6, ""327"": 6, ""22"": 5, ""377"": 2}"
activitywatch,f68cb703d10d931e090e909e8d641edb8f69a0ea,8,33,623,650,11,3,"{""78"": 78, ""400"": 2, ""703"": 516, ""20"": 17, ""259"": 10, ""330"": 22, ""502"": 6, ""327"": 6, ""22"": 5, ""377"": 2}"
activitywatch,f912bc5674be02d3409fb3803a66eb145e64f348,8,33,626,653,11,3,"{""78"": 80, ""400"": 2, ""703"": 517, ""20"": 17, ""259"": 10, ""330"": 22, ""502"": 6, ""327"": 6, ""22"": 5, ""377"": 2}"
activitywatch,fa766b0bbd11b422f3695d0e2bb1703be64c5bc4,8,33,626,653,11,3,"{""78"": 80, ""400"": 2, ""703"": 517, ""20"": 17, ""259"": 10, ""330"": 22, ""502"": 6, ""327"": 6, ""22"": 5, ""377"": 2}"
activitywatch,fcef95b83797d852fcfbec2e6eb9474284acd80b,8,33,623,650,11,3,"{""78"": 78, ""400"": 2, ""703"": 516, ""20"": 17, ""259"": 10, ""330"": 22, ""502"": 6, ""327"": 6, ""22"": 5, ""377"": 2}"
activitywatch,fd42bbbe06a2162b6c26b4ccf2284e060a228e9c,8,33,623,650,11,3,"{""78"": 78, ""400"": 2, ""703"": 516, ""20"": 17, ""259"": 10, ""330"": 22, ""502"": 6, ""327"": 6, ""22"": 5, ""377"": 2}"
activitywatch,fe0944bd3af778b8103d09981d366ea9a95f14e5,8,33,626,653,11,3,"{""78"": 80, ""400"": 2, ""703"": 517, ""20"": 17, ""259"": 10, ""330"": 22, ""502"": 6, ""327"": 6, ""22"": 5, ""377"": 2}"
boto,00c690efbc0b10f67924687f24a7b30397bf47d9,14,529,554,576,490,31,"{""703"": 67, ""259"": 389, ""838"": 3, ""80"": 68, ""79"": 193, ""327"": 9, ""89"": 92, ""502"": 114, ""330"": 12, ""78"": 50, ""605"": 6, ""20"": 55, ""400"": 2, ""377"": 29, ""22"": 7, ""732"": 1}"
boto,05002c153c5018e4429a326a6699c7c45e5ea957,14,528,558,576,493,31,"{""703"": 67, ""259"": 393, ""838"": 3, ""80"": 68, ""79"": 193, ""327"": 9, ""89"": 91, ""502"": 114, ""330"": 12, ""78"": 50, ""605"": 6, ""20"": 55, ""400"": 2, ""377"": 29, ""22"": 7, ""732"": 1}"
boto,0597e8ad1e55b565292ead732916aa0e39bdf37b,14,529,558,576,494,31,"{""703"": 67, ""259"": 393, ""838"": 3, ""80"": 68, ""79"": 193, ""327"": 9, ""89"": 92, ""502"": 114, ""330"": 12, ""78"": 50, ""605"": 6, ""20"": 55, ""400"": 2, ""377"": 29, ""22"": 7, ""732"": 1}"
boto,0671a461c44ba4cf97e84b6c88413bed332df314,14,529,554,576,490,31,"{""703"": 67, ""259"": 389, ""838"": 3, ""80"": 68, ""79"": 193, ""327"": 9, ""89"": 92, ""502"": 114, ""330"": 12, ""78"": 50, ""605"": 6, ""20"": 55, ""400"": 2, ""377"": 29, ""22"": 7, ""732"": 1}"
boto,089deb82b9ac2d002af36fd36f288368cdac4b53,14,529,558,576,494,31,"{""703"": 67, ""259"": 393, ""838"": 3, ""80"": 68, ""79"": 193, ""327"": 9, ""89"": 92, ""502"": 114, ""330"": 12, ""78"": 50, ""605"": 6, ""20"": 55, ""400"": 2, ""377"": 29, ""22"": 7, ""732"": 1}"
boto,0ba35a49481c9fec4731ca0dd2230d8d48f51389,14,529,554,576,490,31,"{""703"": 67, ""259"": 389, ""838"": 3, ""80"": 68, ""79"": 193, ""327"": 9, ""89"": 92, ""502"": 114, ""330"": 12, ""78"": 50, ""605"": 6, ""20"": 55, ""400"": 2, ""377"": 29, ""22"": 7, ""732"": 1}"
boto,0bac41fc7e4a842e8d20319cba31cc645501c245,14,529,558,576,494,31,"{""703"": 67, ""259"": 393, ""838"": 3, ""80"": 68, ""79"": 193, ""327"": 9, ""89"": 92, ""502"": 114, ""330"": 12, ""78"": 50, ""605"": 6, ""20"": 55, ""400"": 2, ""377"": 29, ""22"": 7, ""732"": 1}"
boto,0bf412111be686b6b23e00863f5d449d63557dbf,14,528,558,576,493,31,"{""703"": 67, ""259"": 393, ""838"": 3, ""80"": 68, ""79"": 193, ""327"": 9, ""89"": 91, ""502"": 114, ""330"": 12, ""78"": 50, ""605"": 6, ""20"": 55, ""400"": 2, ""377"": 29, ""22"": 7, ""732"": 1}"
boto,0d131c158234df544532830b7752fe43fcf4bb39,14,529,554,576,490,31,"{""703"": 67, ""259"": 389, ""838"": 3, ""80"": 68, ""79"": 193, ""327"": 9, ""89"": 92, ""502"": 114, ""330"": 12, ""78"": 50, ""605"": 6, ""20"": 55, ""400"": 2, ""377"": 29, ""22"": 7, ""732"": 1}"
boto,0d1dd6bba0c18b7feb6caa5cbd8df80fbac54afd,14,528,558,576,493,31,"{""703"": 67, ""259"": 393, ""838"": 3, ""80"": 68, ""79"": 193, ""327"": 9, ""89"": 91, ""502"": 114, ""330"": 12, ""78"": 50, ""605"": 6, ""20"": 55, ""400"": 2, ""377"": 29, ""22"": 7, ""732"": 1}"
boto,0dc61495b2217e9c5a872ac967dfcf197d342c84,14,529,558,576,494,31,"{""703"": 67, ""259"": 393, ""838"": 3, ""80"": 68, ""79"": 193, ""327"": 9, ""89"": 92, ""502"": 114, ""330"": 12, ""78"": 50, ""605"": 6, ""20"": 55, ""400"": 2, ""377"": 29, ""22"": 7, ""732"": 1}"
boto,0ee842bb456cb3854d5546106e1259db83714d34,14,528,558,576,493,31,"{""703"": 67, ""259"": 393, ""838"": 3, ""80"": 68, ""79"": 193, ""327"": 9, ""89"": 91, ""502"": 114, ""330"": 12, ""78"": 50, ""605"": 6, ""20"": 55, ""400"": 2, ""377"": 29, ""22"": 7, ""732"": 1}"
boto,12b9ef38b3ff7f5b8b24a5f42e8923fdb6db44bb,14,529,554,576,490,31,"{""703"": 67, ""259"": 389, ""838"": 3, ""80"": 68, ""79"": 193, ""327"": 9, ""89"": 92, ""502"": 114, ""330"": 12, ""78"": 50, ""605"": 6, ""20"": 55, ""400"": 2, ""377"": 29, ""22"": 7, ""732"": 1}"
boto,1330cb570519170bb4397b4fb02c7e3e0657855a,14,529,558,576,494,31,"{""703"": 67, ""259"": 393, ""838"": 3, ""80"": 68, ""79"": 193, ""327"": 9, ""89"": 92, ""502"": 114, ""330"": 12, ""78"": 50, ""605"": 6, ""20"": 55, ""400"": 2, ""377"": 29, ""22"": 7, ""732"": 1}"
boto,136a1e89278070fd100f27d9519529be8a8a8c10,14,529,554,576,490,31,"{""703"": 67, ""259"": 389, ""838"": 3, ""80"": 68, ""79"": 193, ""327"": 9, ""89"": 92, ""502"": 114, ""330"": 12, ""78"": 50, ""605"": 6, ""20"": 55, ""400"": 2, ""377"": 29, ""22"": 7, ""732"": 1}"
boto,14b46c1b848d846fad55c8634daeabd8787cf0d6,14,528,558,576,493,31,"{""703"": 67, ""259"": 393, ""838"": 3, ""80"": 68, ""79"": 193, ""327"": 9, ""89"": 91, ""502"": 114, ""330"": 12, ""78"": 50, ""605"": 6, ""20"": 55, ""400"": 2, ""377"": 29, ""22"": 7, ""732"": 1}"
boto,17160819f3d98a6355bfd608fe756a43cba33343,14,529,558,576,494,31,"{""703"": 67, ""259"": 393, ""838"": 3, ""80"": 68, ""79"": 193, ""327"": 9, ""89"": 92, ""502"": 114, ""330"": 12, ""78"": 50, ""605"": 6, ""20"": 55, ""400"": 2, ""377"": 29, ""22"": 7, ""732"": 1}"
boto,198b30168d4e94af42e0dc7967bd3259b5c5790b,14,529,555,576,491,31,"{""703"": 67, ""259"": 390, ""838"": 3, ""80"": 68, ""79"": 193, ""327"": 9, ""89"": 92, ""502"": 114, ""330"": 12, ""78"": 50, ""605"": 6, ""20"": 55, ""400"": 2, ""377"": 29, ""22"": 7, ""732"": 1}"
boto,1b6ec1f944844f868cfac82f7d6f38d57c898900,14,529,554,576,490,31,"{""703"": 67, ""259"": 389, ""838"": 3, ""80"": 68, ""79"": 193, ""327"": 9, ""89"": 92, ""502"": 114, ""330"": 12, ""78"": 50, ""605"": 6, ""20"": 55, ""400"": 2, ""377"": 29, ""22"": 7, ""732"": 1}"
boto,1f33f21fca60c3839bcfc756900fb78bcfd15cc3,14,529,558,576,494,31,"{""703"": 67, ""259"": 393, ""838"": 3, ""80"": 68, ""79"": 193, ""327"": 9, ""89"": 92, ""502"": 114, ""330"": 12, ""78"": 50, ""605"": 6, ""20"": 55, ""400"": 2, ""377"": 29, ""22"": 7, ""732"": 1}"
boto,23c960a98e0d054d51dadda7049a54a083ef1155,14,529,554,576,490,31,"{""703"": 67, ""259"": 389, ""838"": 3, ""80"": 68, ""79"": 193, ""327"": 9, ""89"": 92, ""502"": 114, ""330"": 12, ""78"": 50, ""605"": 6, ""20"": 55, ""400"": 2, ""377"": 29, ""22"": 7, ""732"": 1}"
boto,240421c7c4c81fe5df26274b807266bd4ca73d7f,14,528,558,576,493,31,"{""703"": 67, ""259"": 393, ""838"": 3, ""80"": 68, ""79"": 193, ""327"": 9, ""89"": 91, ""502"": 114, ""330"": 12, ""78"": 50, ""605"": 6, ""20"": 55, ""400"": 2, ""377"": 29, ""22"": 7, ""732"": 1}"
boto,248d8457cbec631ef93d76137bc621106347adda,14,529,554,576,490,31,"{""703"": 67, ""259"": 389, ""838"": 3, ""80"": 68, ""79"": 193, ""327"": 9, ""89"": 92, ""502"": 114, ""330"": 12, ""78"": 50, ""605"": 6, ""20"": 55, ""400"": 2, ""377"": 29, ""22"": 7, ""732"": 1}"
boto,2598b371a93e21d84b7a2a99b2329535c8c0c138,14,529,558,576,494,31,"{""703"": 67, ""259"": 393, ""838"": 3, ""80"": 68, ""79"": 193, ""327"": 9, ""89"": 92, ""502"": 114, ""330"": 12, ""78"": 50, ""605"": 6, ""20"": 55, ""400"": 2, ""377"": 29, ""22"": 7, ""732"": 1}"
boto,2684a383bc67149ceea93cb1b99c8492b4614dcd,14,528,558,576,493,31,"{""703"": 67, ""259"": 393, ""838"": 3, ""80"": 68, ""79"": 193, ""327"": 9, ""89"": 91, ""502"": 114, ""330"": 12, ""78"": 50, ""605"": 6, ""20"": 55, ""400"": 2, ""377"": 29, ""22"": 7, ""732"": 1}"
boto,294cc965efe0dfc8457aa5a8e78cb6d53abfcf92,14,529,558,576,494,31,"{""703"": 67, ""259"": 393, ""838"": 3, ""80"": 68, ""79"": 193, ""327"": 9, ""89"": 92, ""502"": 114, ""330"": 12, ""78"": 50, ""605"": 6, ""20"": 55, ""400"": 2, ""377"": 29, ""22"": 7, ""732"": 1}"
boto,29ba75e6e57414f0e6f9528d08a520b8b931fb28,14,529,554,576,490,31,"{""703"": 67, ""259"": 389, ""838"": 3, ""80"": 68, ""79"": 193, ""327"": 9, ""89"": 92, ""502"": 114, ""330"": 12, ""78"": 50, ""605"": 6, ""20"": 55, ""400"": 2, ""377"": 29, ""22"": 7, ""732"": 1}"
boto,2c47207b3c8412d16e61e388f176b47b41b40794,14,529,554,576,490,31,"{""703"": 67, ""259"": 389, ""838"": 3, ""80"": 68, ""79"": 193, ""327"": 9, ""89"": 92, ""502"": 114, ""330"": 12, ""78"": 50, ""605"": 6, ""20"": 55, ""400"": 2, ""377"": 29, ""22"": 7, ""732"": 1}"
boto,2d34ebe49a25d0974392583d5bbd954baf742a32,14,528,558,576,493,31,"{""703"": 67, ""259"": 393, ""838"": 3, ""80"": 68, ""79"": 193, ""327"": 9, ""89"": 91, ""502"": 114, ""330"": 12, ""78"": 50, ""605"": 6, ""20"": 55, ""400"": 2, ""377"": 29, ""22"": 7, ""732"": 1}"
boto,2fa1f99ab49ae5b6bc0a15ed9398d6fa2996f02a,14,528,558,576,493,31,"{""703"": 67, ""259"": 393, ""838"": 3, ""80"": 68, ""79"": 193, ""327"": 9, ""89"": 91, ""502"": 114, ""330"": 12, ""78"": 50, ""605"": 6, ""20"": 55, ""400"": 2, ""377"": 29, ""22"": 7, ""732"": 1}"
boto,322785b08cf21f2b7a627caf459e73e6170dd602,14,529,554,576,490,31,"{""703"": 67, ""259"": 389, ""838"": 3, ""80"": 68, ""79"": 193, ""327"": 9, ""89"": 92, ""502"": 114, ""330"": 12, ""78"": 50, ""605"": 6, ""20"": 55, ""400"": 2, ""377"": 29, ""22"": 7, ""732"": 1}"
boto,330d89d4fe7832355535580383523f1749a3ee45,14,529,554,576,490,31,"{""703"": 67, ""259"": 389, ""838"": 3, ""80"": 68, ""79"": 193, ""327"": 9, ""89"": 92, ""502"": 114, ""330"": 12, ""78"": 50, ""605"": 6, ""20"": 55, ""400"": 2, ""377"": 29, ""22"": 7, ""732"": 1}"
boto,352d860b9107adbcde0f1fe5d0fce8e9090a51e4,14,529,554,576,490,31,"{""703"": 67, ""259"": 389, ""838"": 3, ""80"": 68, ""79"": 193, ""327"": 9, ""89"": 92, ""502"": 114, ""330"": 12, ""78"": 50, ""605"": 6, ""20"": 55, ""400"": 2, ""377"": 29, ""22"": 7, ""732"": 1}"
boto,3839afb63ad5183cdf08e06e3a43a014ca4b7263,14,529,558,576,494,31,"{""703"": 67, ""259"": 393, ""838"": 3, ""80"": 68, ""79"": 193, ""327"": 9, ""89"": 92, ""502"": 114, ""330"": 12, ""78"": 50, ""605"": 6, ""20"": 55, ""400"": 2, ""377"": 29, ""22"": 7, ""732"": 1}"
boto,41239fe34d64e801212dccaa4585e4802d0fac68,14,529,558,576,494,31,"{""703"": 67, ""259"": 393, ""838"": 3, ""80"": 68, ""79"": 193, ""327"": 9, ""89"": 92, ""502"": 114, ""330"": 12, ""78"": 50, ""605"": 6, ""20"": 55, ""400"": 2, ""377"": 29, ""22"": 7, ""732"": 1}"
boto,43766c70bd2939771b7f37104866316faa34606b,14,528,558,576,493,31,"{""703"": 67, ""259"": 393, ""838"": 3, ""80"": 68, ""79"": 193, ""327"": 9, ""89"": 91, ""502"": 114, ""330"": 12, ""78"": 50, ""605"": 6, ""20"": 55, ""400"": 2, ""377"": 29, ""22"": 7, ""732"": 1}"
boto,44ccd20375ba0d4da869ef994bc10a2311e9dc88,14,529,558,576,494,31,"{""703"": 67, ""259"": 393, ""838"": 3, ""80"": 68, ""79"": 193, ""327"": 9, ""89"": 92, ""502"": 114, ""330"": 12, ""78"": 50, ""605"": 6, ""20"": 55, ""400"": 2, ""377"": 29, ""22"": 7, ""732"": 1}"
boto,4608d34b346c28d5d227363c881d3279378f40b3,14,529,554,576,490,31,"{""703"": 67, ""259"": 389, ""838"": 3, ""80"": 68, ""79"": 193, ""327"": 9, ""89"": 92, ""502"": 114, ""330"": 12, ""78"": 50, ""605"": 6, ""20"": 55, ""400"": 2, ""377"": 29, ""22"": 7, ""732"": 1}"
boto,47c837a1ff96ef1b10b44477a7a9f72283d12e83,14,529,558,576,494,31,"{""703"": 67, ""259"": 393, ""838"": 3, ""80"": 68, ""79"": 193, ""327"": 9, ""89"": 92, ""502"": 114, ""330"": 12, ""78"": 50, ""605"": 6, ""20"": 55, ""400"": 2, ""377"": 29, ""22"": 7, ""732"": 1}"
boto,4a3ad9eebbc16ce80b348644b557c84ecc741be7,14,529,558,576,494,31,"{""703"": 67, ""259"": 393, ""838"": 3, ""80"": 68, ""79"": 193, ""327"": 9, ""89"": 92, ""502"": 114, ""330"": 12, ""78"": 50, ""605"": 6, ""20"": 55, ""400"": 2, ""377"": 29, ""22"": 7, ""732"": 1}"
boto,51398f8bd568a6324a8cafe20c068d0974913ad5,14,528,558,576,493,31,"{""703"": 67, ""259"": 393, ""838"": 3, ""80"": 68, ""79"": 193, ""327"": 9, ""89"": 91, ""502"": 114, ""330"": 12, ""78"": 50, ""605"": 6, ""20"": 55, ""400"": 2, ""377"": 29, ""22"": 7, ""732"": 1}"
boto,51cab4ad51616f8fdb050631be5c710b93685ec3,14,528,558,576,493,31,"{""703"": 67, ""259"": 393, ""838"": 3, ""80"": 68, ""79"": 193, ""327"": 9, ""89"": 91, ""502"": 114, ""330"": 12, ""78"": 50, ""605"": 6, ""20"": 55, ""400"": 2, ""377"": 29, ""22"": 7, ""732"": 1}"
boto,54a902c6e81214462388f79a7c42f1c88c863dfd,14,528,558,576,493,31,"{""703"": 67, ""259"": 393, ""838"": 3, ""80"": 68, ""79"": 193, ""327"": 9, ""89"": 91, ""502"": 114, ""330"": 12, ""78"": 50, ""605"": 6, ""20"": 55, ""400"": 2, ""377"": 29, ""22"": 7, ""732"": 1}"
boto,56e23b2319cc29e6f8518f8f21f95a530dddb930,14,528,558,576,493,31,"{""703"": 67, ""259"": 393, ""838"": 3, ""80"": 68, ""79"": 193, ""327"": 9, ""89"": 91, ""502"": 114, ""330"": 12, ""78"": 50, ""605"": 6, ""20"": 55, ""400"": 2, ""377"": 29, ""22"": 7, ""732"": 1}"
boto,579a1c99962c8697053974a70de635a997be63dc,14,528,558,576,493,31,"{""703"": 67, ""259"": 393, ""838"": 3, ""80"": 68, ""79"": 193, ""327"": 9, ""89"": 91, ""502"": 114, ""330"": 12, ""78"": 50, ""605"": 6, ""20"": 55, ""400"": 2, ""377"": 29, ""22"": 7, ""732"": 1}"
boto,582ba18d56167587e290545f113d3956e73a5801,14,528,558,576,493,31,"{""703"": 67, ""259"": 393, ""838"": 3, ""80"": 68, ""79"": 193, ""327"": 9, ""89"": 91, ""502"": 114, ""330"": 12, ""78"": 50, ""605"": 6, ""20"": 55, ""400"": 2, ""377"": 29, ""22"": 7, ""732"": 1}"
boto,59353360590202fab04067e23214a825157c524b,14,528,558,576,493,31,"{""703"": 67, ""259"": 393, ""838"": 3, ""80"": 68, ""79"": 193, ""327"": 9, ""89"": 91, ""502"": 114, ""330"": 12, ""78"": 50, ""605"": 6, ""20"": 55, ""400"": 2, ""377"": 29, ""22"": 7, ""732"": 1}"
boto,5a1cae3a5675c5733daf5949759476d65aa0e636,14,528,558,576,493,31,"{""703"": 67, ""259"": 393, ""838"": 3, ""80"": 68, ""79"": 193, ""327"": 9, ""89"": 91, ""502"": 114, ""330"": 12, ""78"": 50, ""605"": 6, ""20"": 55, ""400"": 2, ""377"": 29, ""22"": 7, ""732"": 1}"
boto,5a2c1bc07d126ce32efaa157e712a8f3a7457b74,14,529,554,576,490,31,"{""703"": 67, ""259"": 389, ""838"": 3, ""80"": 68, ""79"": 193, ""327"": 9, ""89"": 92, ""502"": 114, ""330"": 12, ""78"": 50, ""605"": 6, ""20"": 55, ""400"": 2, ""377"": 29, ""22"": 7, ""732"": 1}"
boto,5da3ad7bf90fba7321f4c2834db44aa920c70bc7,14,529,558,576,494,31,"{""703"": 67, ""259"": 393, ""838"": 3, ""80"": 68, ""79"": 193, ""327"": 9, ""89"": 92, ""502"": 114, ""330"": 12, ""78"": 50, ""605"": 6, ""20"": 55, ""400"": 2, ""377"": 29, ""22"": 7, ""732"": 1}"
boto,5f30fd2358fd60a514bdba31594bfc8122f30167,14,529,555,576,491,31,"{""703"": 67, ""259"": 390, ""838"": 3, ""80"": 68, ""79"": 193, ""327"": 9, ""89"": 92, ""502"": 114, ""330"": 12, ""78"": 50, ""605"": 6, ""20"": 55, ""400"": 2, ""377"": 29, ""22"": 7, ""732"": 1}"
boto,64b1ac7292c72d3551b2ad70b2a78c8fe4af3249,14,529,554,576,490,31,"{""703"": 67, ""259"": 389, ""838"": 3, ""80"": 68, ""79"": 193, ""327"": 9, ""89"": 92, ""502"": 114, ""330"": 12, ""78"": 50, ""605"": 6, ""20"": 55, ""400"": 2, ""377"": 29, ""22"": 7, ""732"": 1}"
boto,65c46d6932c0956d2988d13ec3d9ab3ef9d96d61,14,528,558,576,493,31,"{""703"": 67, ""259"": 393, ""838"": 3, ""80"": 68, ""79"": 193, ""327"": 9, ""89"": 91, ""502"": 114, ""330"": 12, ""78"": 50, ""605"": 6, ""20"": 55, ""400"": 2, ""377"": 29, ""22"": 7, ""732"": 1}"
boto,6fcd0440aaa7601aa258d1c956eecfaedf72fbf4,14,528,558,576,493,31,"{""703"": 67, ""259"": 393, ""838"": 3, ""80"": 68, ""79"": 193, ""327"": 9, ""89"": 91, ""502"": 114, ""330"": 12, ""78"": 50, ""605"": 6, ""20"": 55, ""400"": 2, ""377"": 29, ""22"": 7, ""732"": 1}"
boto,727731d76d9dfd5304d536478d862778f6dd6d9b,14,528,558,576,493,31,"{""703"": 67, ""259"": 393, ""838"": 3, ""80"": 68, ""79"": 193, ""327"": 9, ""89"": 91, ""502"": 114, ""330"": 12, ""78"": 50, ""605"": 6, ""20"": 55, ""400"": 2, ""377"": 29, ""22"": 7, ""732"": 1}"
boto,72ff18d41cfb004ae180bdf87fd8bad93041c691,14,529,554,576,490,31,"{""703"": 67, ""259"": 389, ""838"": 3, ""80"": 68, ""79"": 193, ""327"": 9, ""89"": 92, ""502"": 114, ""330"": 12, ""78"": 50, ""605"": 6, ""20"": 55, ""400"": 2, ""377"": 29, ""22"": 7, ""732"": 1}"
boto,7500044a825b3e6695f4f0f9e56d5bdc0c5d7988,14,528,558,576,493,31,"{""703"": 67, ""259"": 393, ""838"": 3, ""80"": 68, ""79"": 193, ""327"": 9, ""89"": 91, ""502"": 114, ""330"": 12, ""78"": 50, ""605"": 6, ""20"": 55, ""400"": 2, ""377"": 29, ""22"": 7, ""732"": 1}"
boto,8561100425876bde3be4b2a22324655f74ff9609,14,529,558,576,494,31,"{""703"": 67, ""259"": 393, ""838"": 3, ""80"": 68, ""79"": 193, ""327"": 9, ""89"": 92, ""502"": 114, ""330"": 12, ""78"": 50, ""605"": 6, ""20"": 55, ""400"": 2, ""377"": 29, ""22"": 7, ""732"": 1}"
boto,862b7f98a02b7973848db578ff6d24ec8500fdb4,14,529,554,576,490,31,"{""703"": 67, ""259"": 389, ""838"": 3, ""80"": 68, ""79"": 193, ""327"": 9, ""89"": 92, ""502"": 114, ""330"": 12, ""78"": 50, ""605"": 6, ""20"": 55, ""400"": 2, ""377"": 29, ""22"": 7, ""732"": 1}"
boto,86493307f97b9795a74227b6af2d59a267160847,14,528,558,576,493,31,"{""703"": 67, ""259"": 393, ""838"": 3, ""80"": 68, ""79"": 193, ""327"": 9, ""89"": 91, ""502"": 114, ""330"": 12, ""78"": 50, ""605"": 6, ""20"": 55, ""400"": 2, ""377"": 29, ""22"": 7, ""732"": 1}"
boto,87c5de3b7f2316aa17353d74f54e6ff19013d049,14,528,558,576,493,31,"{""703"": 67, ""259"": 393, ""838"": 3, ""80"": 68, ""79"": 193, ""327"": 9, ""89"": 91, ""502"": 114, ""330"": 12, ""78"": 50, ""605"": 6, ""20"": 55, ""400"": 2, ""377"": 29, ""22"": 7, ""732"": 1}"
boto,89e28e13ecbf9fbcf235e16d453c08bbf2271244,14,529,554,576,490,31,"{""703"": 67, ""259"": 389, ""838"": 3, ""80"": 68, ""79"": 193, ""327"": 9, ""89"": 92, ""502"": 114, ""330"": 12, ""78"": 50, ""605"": 6, ""20"": 55, ""400"": 2, ""377"": 29, ""22"": 7, ""732"": 1}"
boto,8a6b4175d790424312965ec77e4e9b072fba188b,14,529,554,576,490,31,"{""703"": 67, ""259"": 389, ""838"": 3, ""80"": 68, ""79"": 193, ""327"": 9, ""89"": 92, ""502"": 114, ""330"": 12, ""78"": 50, ""605"": 6, ""20"": 55, ""400"": 2, ""377"": 29, ""22"": 7, ""732"": 1}"
boto,8eca4077f60fa0705ecfd9437c9ceaeef7a3808b,14,529,554,576,490,31,"{""703"": 67, ""259"": 389, ""838"": 3, ""80"": 68, ""79"": 193, ""327"": 9, ""89"": 92, ""502"": 114, ""330"": 12, ""78"": 50, ""605"": 6, ""20"": 55, ""400"": 2, ""377"": 29, ""22"": 7, ""732"": 1}"
boto,8ff1399f0656b4ff8181fe7872e426c331d1b1ee,14,529,555,576,491,31,"{""703"": 67, ""259"": 390, ""838"": 3, ""80"": 68, ""79"": 193, ""327"": 9, ""89"": 92, ""502"": 114, ""330"": 12, ""78"": 50, ""605"": 6, ""20"": 55, ""400"": 2, ""377"": 29, ""22"": 7, ""732"": 1}"
boto,91bebf1adb43561b54bac18e76224759dc70acb3,14,528,558,576,493,31,"{""703"": 67, ""259"": 393, ""838"": 3, ""80"": 68, ""79"": 193, ""327"": 9, ""89"": 91, ""502"": 114, ""330"": 12, ""78"": 50, ""605"": 6, ""20"": 55, ""400"": 2, ""377"": 29, ""22"": 7, ""732"": 1}"
boto,99ac8e2589ea978c1c80ff66b4536814121f77dd,14,528,558,576,493,31,"{""703"": 67, ""259"": 393, ""838"": 3, ""80"": 68, ""79"": 193, ""327"": 9, ""89"": 91, ""502"": 114, ""330"": 12, ""78"": 50, ""605"": 6, ""20"": 55, ""400"": 2, ""377"": 29, ""22"": 7, ""732"": 1}"
boto,9a1f18635ff034b039c24ed5121cced028fc27d0,14,529,554,576,490,31,"{""703"": 67, ""259"": 389, ""838"": 3, ""80"": 68, ""79"": 193, ""327"": 9, ""89"": 92, ""502"": 114, ""330"": 12, ""78"": 50, ""605"": 6, ""20"": 55, ""400"": 2, ""377"": 29, ""22"": 7, ""732"": 1}"
boto,9a71eca64bd3a357ef4846d81668d690089779c7,14,529,554,576,490,31,"{""703"": 67, ""259"": 389, ""838"": 3, ""80"": 68, ""79"": 193, ""327"": 9, ""89"": 92, ""502"": 114, ""330"": 12, ""78"": 50, ""605"": 6, ""20"": 55, ""400"": 2, ""377"": 29, ""22"": 7, ""732"": 1}"
boto,9cc3970eaaf603832c075618e61aea9ea430f719,14,529,554,576,490,31,"{""703"": 67, ""259"": 389, ""838"": 3, ""80"": 68, ""79"": 193, ""327"": 9, ""89"": 92, ""502"": 114, ""330"": 12, ""78"": 50, ""605"": 6, ""20"": 55, ""400"": 2, ""377"": 29, ""22"": 7, ""732"": 1}"
boto,9d22a7d8f0e814a596ecbeb6efd051262f6a03e3,14,528,558,576,493,31,"{""703"": 67, ""259"": 393, ""838"": 3, ""80"": 68, ""79"": 193, ""327"": 9, ""89"": 91, ""502"": 114, ""330"": 12, ""78"": 50, ""605"": 6, ""20"": 55, ""400"": 2, ""377"": 29, ""22"": 7, ""732"": 1}"
boto,a0a765ddeb5056c85e084773d3f6432e2a426638,14,529,558,576,494,31,"{""703"": 67, ""259"": 393, ""838"": 3, ""80"": 68, ""79"": 193, ""327"": 9, ""89"": 92, ""502"": 114, ""330"": 12, ""78"": 50, ""605"": 6, ""20"": 55, ""400"": 2, ""377"": 29, ""22"": 7, ""732"": 1}"
boto,a76035e925ff4e6d8676c65cb135c74b993b1039,14,529,554,576,490,31,"{""703"": 67, ""259"": 389, ""838"": 3, ""80"": 68, ""79"": 193, ""327"": 9, ""89"": 92, ""502"": 114, ""330"": 12, ""78"": 50, ""605"": 6, ""20"": 55, ""400"": 2, ""377"": 29, ""22"": 7, ""732"": 1}"
boto,b1324a680add78de24c763911d0eefa19b9263bc,14,529,556,576,492,31,"{""703"": 67, ""259"": 391, ""838"": 3, ""80"": 68, ""79"": 193, ""327"": 9, ""89"": 92, ""502"": 114, ""330"": 12, ""78"": 50, ""605"": 6, ""20"": 55, ""400"": 2, ""377"": 29, ""22"": 7, ""732"": 1}"
boto,b13b8684a04d0bc1081104c5973c62c27dc673b0,14,529,558,576,494,31,"{""703"": 67, ""259"": 393, ""838"": 3, ""80"": 68, ""79"": 193, ""327"": 9, ""89"": 92, ""502"": 114, ""330"": 12, ""78"": 50, ""605"": 6, ""20"": 55, ""400"": 2, ""377"": 29, ""22"": 7, ""732"": 1}"
boto,b84478ae953d049a1da42c3d0ef3ab3a9467b649,14,529,554,576,490,31,"{""703"": 67, ""259"": 389, ""838"": 3, ""80"": 68, ""79"": 193, ""327"": 9, ""89"": 92, ""502"": 114, ""330"": 12, ""78"": 50, ""605"": 6, ""20"": 55, ""400"": 2, ""377"": 29, ""22"": 7, ""732"": 1}"
boto,c07ba43c4bc94272c3d4a13c8f468b94db1e655c,14,528,558,576,493,31,"{""703"": 67, ""259"": 393, ""838"": 3, ""80"": 68, ""79"": 193, ""327"": 9, ""89"": 91, ""502"": 114, ""330"": 12, ""78"": 50, ""605"": 6, ""20"": 55, ""400"": 2, ""377"": 29, ""22"": 7, ""732"": 1}"
boto,c326cfe3b1683e6c205f53a4ad11feba6623a399,14,529,558,576,494,31,"{""703"": 67, ""259"": 393, ""838"": 3, ""80"": 68, ""79"": 193, ""327"": 9, ""89"": 92, ""502"": 114, ""330"": 12, ""78"": 50, ""605"": 6, ""20"": 55, ""400"": 2, ""377"": 29, ""22"": 7, ""732"": 1}"
boto,c3a23aa02faa1cf1d32e43d66858e793cd9ecac4,14,528,558,576,493,31,"{""703"": 67, ""259"": 393, ""838"": 3, ""80"": 68, ""79"": 193, ""327"": 9, ""89"": 91, ""502"": 114, ""330"": 12, ""78"": 50, ""605"": 6, ""20"": 55, ""400"": 2, ""377"": 29, ""22"": 7, ""732"": 1}"
boto,c6ace896a2da73356f7c9a655bbe32a0e3ce0435,14,529,554,576,490,31,"{""703"": 67, ""259"": 389, ""838"": 3, ""80"": 68, ""79"": 193, ""327"": 9, ""89"": 92, ""502"": 114, ""330"": 12, ""78"": 50, ""605"": 6, ""20"": 55, ""400"": 2, ""377"": 29, ""22"": 7, ""732"": 1}"
boto,ca0794fa32b64ee42e9dce6df967777cb6347483,14,529,558,576,494,31,"{""703"": 67, ""259"": 393, ""838"": 3, ""80"": 68, ""79"": 193, ""327"": 9, ""89"": 92, ""502"": 114, ""330"": 12, ""78"": 50, ""605"": 6, ""20"": 55, ""400"": 2, ""377"": 29, ""22"": 7, ""732"": 1}"
boto,cbb0812683cf3236e4a4003bf7f74b119d3cde0c,14,529,554,576,490,31,"{""703"": 67, ""259"": 389, ""838"": 3, ""80"": 68, ""79"": 193, ""327"": 9, ""89"": 92, ""502"": 114, ""330"": 12, ""78"": 50, ""605"": 6, ""20"": 55, ""400"": 2, ""377"": 29, ""22"": 7, ""732"": 1}"
boto,cecb76a942e4c9df518df098b1e62778cfe20f06,14,528,558,576,493,31,"{""703"": 67, ""259"": 393, ""838"": 3, ""80"": 68, ""79"": 193, ""327"": 9, ""89"": 91, ""502"": 114, ""330"": 12, ""78"": 50, ""605"": 6, ""20"": 55, ""400"": 2, ""377"": 29, ""22"": 7, ""732"": 1}"
boto,d15454a6e84a595ffc8dc1b926282f484f782a8f,14,529,555,576,491,31,"{""703"": 67, ""259"": 390, ""838"": 3, ""80"": 68, ""79"": 193, ""327"": 9, ""89"": 92, ""502"": 114, ""330"": 12, ""78"": 50, ""605"": 6, ""20"": 55, ""400"": 2, ""377"": 29, ""22"": 7, ""732"": 1}"
boto,d386405e04dac50656af50d100a14efdf8c58e8f,14,528,558,576,493,31,"{""703"": 67, ""259"": 393, ""838"": 3, ""80"": 68, ""79"": 193, ""327"": 9, ""89"": 91, ""502"": 114, ""330"": 12, ""78"": 50, ""605"": 6, ""20"": 55, ""400"": 2, ""377"": 29, ""22"": 7, ""732"": 1}"
boto,d764487e79469e9ad7174145aa98d8d558a4605c,14,528,558,576,493,31,"{""703"": 67, ""259"": 393, ""838"": 3, ""80"": 68, ""79"": 193, ""327"": 9, ""89"": 91, ""502"": 114, ""330"": 12, ""78"": 50, ""605"": 6, ""20"": 55, ""400"": 2, ""377"": 29, ""22"": 7, ""732"": 1}"
boto,d87bb0eb3ee4ca141c6fa251e6c2c97050e6c92c,14,528,558,576,493,31,"{""703"": 67, ""259"": 393, ""838"": 3, ""80"": 68, ""79"": 193, ""327"": 9, ""89"": 91, ""502"": 114, ""330"": 12, ""78"": 50, ""605"": 6, ""20"": 55, ""400"": 2, ""377"": 29, ""22"": 7, ""732"": 1}"
boto,d9af197801376fae178761cac12d57178a738cf4,14,529,554,576,490,31,"{""703"": 67, ""259"": 389, ""838"": 3, ""80"": 68, ""79"": 193, ""327"": 9, ""89"": 92, ""502"": 114, ""330"": 12, ""78"": 50, ""605"": 6, ""20"": 55, ""400"": 2, ""377"": 29, ""22"": 7, ""732"": 1}"
boto,db7b1ae9f6d9e26facbb3da4cf5f5a513704bfe5,14,529,558,576,494,31,"{""703"": 67, ""259"": 393, ""838"": 3, ""80"": 68, ""79"": 193, ""327"": 9, ""89"": 92, ""502"": 114, ""330"": 12, ""78"": 50, ""605"": 6, ""20"": 55, ""400"": 2, ""377"": 29, ""22"": 7, ""732"": 1}"
boto,dc69a63f844b2ef3bc3371edde91644cf0bef0ee,14,528,558,576,493,31,"{""703"": 67, ""259"": 393, ""838"": 3, ""80"": 68, ""79"": 193, ""327"": 9, ""89"": 91, ""502"": 114, ""330"": 12, ""78"": 50, ""605"": 6, ""20"": 55, ""400"": 2, ""377"": 29, ""22"": 7, ""732"": 1}"
boto,df2c4952df6d93c575fb8a3c853dc9d4c2449f36,14,528,558,576,493,31,"{""703"": 67, ""259"": 393, ""838"": 3, ""80"": 68, ""79"": 193, ""327"": 9, ""89"": 91, ""502"": 114, ""330"": 12, ""78"": 50, ""605"": 6, ""20"": 55, ""400"": 2, ""377"": 29, ""22"": 7, ""732"": 1}"
boto,e262d5355d82901f81fba6c7015643c2b87125bf,14,529,554,576,490,31,"{""703"": 67, ""259"": 389, ""838"": 3, ""80"": 68, ""79"": 193, ""327"": 9, ""89"": 92, ""502"": 114, ""330"": 12, ""78"": 50, ""605"": 6, ""20"": 55, ""400"": 2, ""377"": 29, ""22"": 7, ""732"": 1}"
boto,e2a8f4dac8ed2b3667a4367756043b1e119f4ce2,14,529,558,576,494,31,"{""703"": 67, ""259"": 393, ""838"": 3, ""80"": 68, ""79"": 193, ""327"": 9, ""89"": 92, ""502"": 114, ""330"": 12, ""78"": 50, ""605"": 6, ""20"": 55, ""400"": 2, ""377"": 29, ""22"": 7, ""732"": 1}"
boto,eb70aafdba18ac30e53056162c32ee6c21dea0b4,14,528,558,576,493,31,"{""703"": 67, ""259"": 393, ""838"": 3, ""80"": 68, ""79"": 193, ""327"": 9, ""89"": 91, ""502"": 114, ""330"": 12, ""78"": 50, ""605"": 6, ""20"": 55, ""400"": 2, ""377"": 29, ""22"": 7, ""732"": 1}"
boto,efb7f9ced2dcf71294353596a265e3fd67faffeb,14,528,558,576,493,31,"{""703"": 67, ""259"": 393, ""838"": 3, ""80"": 68, ""79"": 193, ""327"": 9, ""89"": 91, ""502"": 114, ""330"": 12, ""78"": 50, ""605"": 6, ""20"": 55, ""400"": 2, ""377"": 29, ""22"": 7, ""732"": 1}"
boto,efec74b90868c2e611f863bf4301d92ce08067e8,14,529,554,576,490,31,"{""703"": 67, ""259"": 389, ""838"": 3, ""80"": 68, ""79"": 193, ""327"": 9, ""89"": 92, ""502"": 114, ""330"": 12, ""78"": 50, ""605"": 6, ""20"": 55, ""400"": 2, ""377"": 29, ""22"": 7, ""732"": 1}"
boto,f133285a9a7f3647fd55abc2e57b8a9a2c11ac94,14,529,554,576,490,31,"{""703"": 67, ""259"": 389, ""838"": 3, ""80"": 68, ""79"": 193, ""327"": 9, ""89"": 92, ""502"": 114, ""330"": 12, ""78"": 50, ""605"": 6, ""20"": 55, ""400"": 2, ""377"": 29, ""22"": 7, ""732"": 1}"
boto,f609a2da868b2320ecdc0551df3cca360d5b5bc3,14,529,558,576,494,31,"{""703"": 67, ""259"": 393, ""838"": 3, ""80"": 68, ""79"": 193, ""327"": 9, ""89"": 92, ""502"": 114, ""330"": 12, ""78"": 50, ""605"": 6, ""20"": 55, ""400"": 2, ""377"": 29, ""22"": 7, ""732"": 1}"
boto,f7017db92cee1536c014710f475a613792c1e4b5,14,528,558,576,493,31,"{""703"": 67, ""259"": 393, ""838"": 3, ""80"": 68, ""79"": 193, ""327"": 9, ""89"": 91, ""502"": 114, ""330"": 12, ""78"": 50, ""605"": 6, ""20"": 55, ""400"": 2, ""377"": 29, ""22"": 7, ""732"": 1}"
boto,fd3cfd80bebad292d639a03e58632e494369eb92,14,529,554,576,490,31,"{""703"": 67, ""259"": 389, ""838"": 3, ""80"": 68, ""79"": 193, ""327"": 9, ""89"": 92, ""502"": 114, ""330"": 12, ""78"": 50, ""605"": 6, ""20"": 55, ""400"": 2, ""377"": 29, ""22"": 7, ""732"": 1}"
scrapy,0a80871c3a2b353d870e337715bbbeedf6bc216e,33,31,1306,1351,18,1,"{""703"": 1193, ""78"": 68, ""20"": 9, ""259"": 10, ""330"": 36, ""22"": 2, ""327"": 20, ""377"": 1, ""502"": 23, ""319"": 6, ""605"": 2}"
scrapy,0d2d2892badb2b6f47c9b597564510871c7f1518,33,31,1306,1351,18,1,"{""703"": 1193, ""78"": 68, ""20"": 9, ""259"": 10, ""330"": 36, ""22"": 2, ""327"": 20, ""377"": 1, ""502"": 23, ""319"": 6, ""605"": 2}"
scrapy,0d7a5e760d5f7761fc819e788f24448349b4c129,23,26,1289,1320,17,1,"{""703"": 1187, ""78"": 62, ""20"": 7, ""259"": 9, ""330"": 34, ""22"": 2, ""327"": 12, ""377"": 1, ""502"": 16, ""319"": 6, ""605"": 2}"
scrapy,10089c6fe2028b879f9f60e9598fa580ef6a3e33,23,26,1285,1316,17,1,"{""703"": 1183, ""78"": 62, ""20"": 7, ""259"": 9, ""330"": 34, ""22"": 2, ""327"": 12, ""377"": 1, ""502"": 16, ""319"": 6, ""605"": 2}"
scrapy,14219b1fca86f2229d2b69455bdbb4eb952cf504,33,31,1307,1352,18,1,"{""703"": 1194, ""78"": 68, ""20"": 9, ""259"": 10, ""330"": 36, ""22"": 2, ""327"": 20, ""377"": 1, ""502"": 23, ""319"": 6, ""605"": 2}"
scrapy,16b998f9ca8b928b03f9f8be659ac01d4f2f623f,33,31,1306,1351,18,1,"{""703"": 1193, ""78"": 68, ""20"": 9, ""259"": 10, ""330"": 36, ""22"": 2, ""327"": 20, ""377"": 1, ""502"": 23, ""319"": 6, ""605"": 2}"
scrapy,176ae348c57a536d661ca1b469035e7e1ccbca6a,33,31,1306,1351,18,1,"{""703"": 1193, ""78"": 68, ""20"": 9, ""259"": 10, ""330"": 36, ""22"": 2, ""327"": 20, ""377"": 1, ""502"": 23, ""319"": 6, ""605"": 2}"
scrapy,1a0dfbd32e8d96299c4f0f3d16cb2d52a73de339,33,31,1306,1351,18,1,"{""703"": 1193, ""78"": 68, ""20"": 9, ""259"": 10, ""330"": 36, ""22"": 2, ""327"": 20, ""377"": 1, ""502"": 23, ""319"": 6, ""605"": 2}"
scrapy,1c1e83895c15dc491c6c133982cde22d778dcae6,33,31,1307,1352,18,1,"{""703"": 1194, ""78"": 68, ""20"": 9, ""259"": 10, ""330"": 36, ""22"": 2, ""327"": 20, ""377"": 1, ""502"": 23, ""319"": 6, ""605"": 2}"
scrapy,1e4c81e9dce7dfc06c8ab1b89d85da32f0cb54de,33,31,1300,1345,18,1,"{""703"": 1187, ""78"": 68, ""20"": 9, ""259"": 10, ""330"": 36, ""22"": 2, ""327"": 20, ""377"": 1, ""502"": 23, ""319"": 6, ""605"": 2}"
scrapy,1fc91bb46262118c9ff7aa2b4719d880f727699f,33,31,1307,1352,18,1,"{""703"": 1194, ""78"": 68, ""20"": 9, ""259"": 10, ""330"": 36, ""22"": 2, ""327"": 20, ""377"": 1, ""502"": 23, ""319"": 6, ""605"": 2}"
scrapy,200d76afa96a78899faf9e2c30ef45273b71c600,33,31,1306,1351,18,1,"{""703"": 1193, ""78"": 68, ""20"": 9, ""259"": 10, ""330"": 36, ""22"": 2, ""327"": 20, ""377"": 1, ""502"": 23, ""319"": 6, ""605"": 2}"
scrapy,21b9ba717c1687a889879232f226c75fb4dbe0bf,33,31,1302,1347,18,1,"{""703"": 1189, ""78"": 68, ""20"": 9, ""259"": 10, ""330"": 36, ""22"": 2, ""327"": 20, ""377"": 1, ""502"": 23, ""319"": 6, ""605"": 2}"
scrapy,261c4b61dc48353346c1e0387d0783ac15ab459d,23,24,1248,1279,15,1,"{""703"": 1146, ""78"": 62, ""20"": 7, ""259"": 9, ""330"": 34, ""22"": 2, ""327"": 10, ""377"": 1, ""502"": 16, ""319"": 6, ""605"": 2}"
scrapy,273620488ced7dd1a3c8a1c5022d17f0cc7f9496,33,31,1306,1351,18,1,"{""703"": 1193, ""78"": 68, ""20"": 9, ""259"": 10, ""330"": 36, ""22"": 2, ""327"": 20, ""377"": 1, ""502"": 23, ""319"": 6, ""605"": 2}"
scrapy,28fafbb8c56257eb6f09b8cbcb919483d5b30a11,23,26,1281,1312,17,1,"{""703"": 1179, ""78"": 62, ""20"": 7, ""259"": 9, ""330"": 34, ""22"": 2, ""327"": 12, ""377"": 1, ""502"": 16, ""319"": 6, ""605"": 2}"
scrapy,2ad5f0c12bfafc66fda6eb71790f447d2f7b8c13,23,26,1281,1312,17,1,"{""703"": 1179, ""78"": 62, ""20"": 7, ""259"": 9, ""330"": 34, ""22"": 2, ""327"": 12, ""377"": 1, ""502"": 16, ""319"": 6, ""605"": 2}"
scrapy,2eb3c75c697685af595b08023b4dc27d49403274,33,31,1306,1351,18,1,"{""703"": 1193, ""78"": 68, ""20"": 9, ""259"": 10, ""330"": 36, ""22"": 2, ""327"": 20, ""377"": 1, ""502"": 23, ""319"": 6, ""605"": 2}"
scrapy,3154b08e90d9777dfe2879b8686b6fc63a793c84,33,31,1306,1351,18,1,"{""703"": 1193, ""78"": 68, ""20"": 9, ""259"": 10, ""330"": 36, ""22"": 2, ""327"": 20, ""377"": 1, ""502"": 23, ""319"": 6, ""605"": 2}"
scrapy,393ff96e45ffcb738bc9f8d3240cd4d999bd07df,33,31,1306,1351,18,1,"{""703"": 1193, ""78"": 68, ""20"": 9, ""259"": 10, ""330"": 36, ""22"": 2, ""327"": 20, ""377"": 1, ""502"": 23, ""319"": 6, ""605"": 2}"
scrapy,402500b164efc01257679247d3dd1628a5f90f5e,33,31,1307,1352,18,1,"{""703"": 1194, ""78"": 68, ""20"": 9, ""259"": 10, ""330"": 36, ""22"": 2, ""327"": 20, ""377"": 1, ""502"": 23, ""319"": 6, ""605"": 2}"
scrapy,4842bcbf1da41029a604d1bf743d4dc893960d39,33,31,1306,1351,18,1,"{""703"": 1193, ""78"": 68, ""20"": 9, ""259"": 10, ""330"": 36, ""22"": 2, ""327"": 20, ""377"": 1, ""502"": 23, ""319"": 6, ""605"": 2}"
scrapy,4869315d102e2e92f50582ebc3aebdb82266f5b3,33,31,1306,1351,18,1,"{""703"": 1193, ""78"": 68, ""20"": 9, ""259"": 10, ""330"": 36, ""22"": 2, ""327"": 20, ""377"": 1, ""502"": 23, ""319"": 6, ""605"": 2}"
scrapy,499e7e8aa685b2c8ba60576707e6fbf8ed8180ba,23,26,1275,1306,17,1,"{""703"": 1173, ""78"": 62, ""20"": 7, ""259"": 9, ""330"": 34, ""22"": 2, ""327"": 12, ""377"": 1, ""502"": 16, ""319"": 6, ""605"": 2}"
scrapy,4a0c05749c72662bb82cdb01d9a0ef1ff6416b6a,33,31,1303,1348,18,1,"{""703"": 1190, ""78"": 68, ""20"": 9, ""259"": 10, ""330"": 36, ""22"": 2, ""327"": 20, ""377"": 1, ""502"": 23, ""319"": 6, ""605"": 2}"
scrapy,4d31277bc67169460dc2d8bca80946df8b355b8f,33,31,1306,1351,18,1,"{""703"": 1193, ""78"": 68, ""20"": 9, ""259"": 10, ""330"": 36, ""22"": 2, ""327"": 20, ""377"": 1, ""502"": 23, ""319"": 6, ""605"": 2}"
scrapy,4dcc04be48b5c9ed096e91bf2928f5e421ce2153,23,26,1289,1320,17,1,"{""703"": 1187, ""78"": 62, ""20"": 7, ""259"": 9, ""330"": 34, ""22"": 2, ""327"": 12, ""377"": 1, ""502"": 16, ""319"": 6, ""605"": 2}"
scrapy,4e0a3087e4f4f2bc118d0f09b71e7440e78c42d7,33,31,1306,1351,18,1,"{""703"": 1193, ""78"": 68, ""20"": 9, ""259"": 10, ""330"": 36, ""22"": 2, ""327"": 20, ""377"": 1, ""502"": 23, ""319"": 6, ""605"": 2}"
scrapy,5680bee968d91239da27fff00aa33a9d891f4109,23,26,1289,1320,17,1,"{""703"": 1187, ""78"": 62, ""20"": 7, ""259"": 9, ""330"": 34, ""22"": 2, ""327"": 12, ""377"": 1, ""502"": 16, ""319"": 6, ""605"": 2}"
scrapy,59fcb9b93c4971602b4a4afd4afdf08db7a7f2b7,33,31,1306,1351,18,1,"{""703"": 1193, ""78"": 68, ""20"": 9, ""259"": 10, ""330"": 36, ""22"": 2, ""327"": 20, ""377"": 1, ""502"": 23, ""319"": 6, ""605"": 2}"
scrapy,5c2df5cf2aec8ea1ef25c066c08920a6adbd42ca,33,31,1300,1345,18,1,"{""703"": 1187, ""78"": 68, ""20"": 9, ""259"": 10, ""330"": 36, ""22"": 2, ""327"": 20, ""377"": 1, ""502"": 23, ""319"": 6, ""605"": 2}"
scrapy,5d3aa80ad1f1dcd67a185158c6a7ceb53855eefd,33,31,1306,1351,18,1,"{""703"": 1193, ""78"": 68, ""20"": 9, ""259"": 10, ""330"": 36, ""22"": 2, ""327"": 20, ""377"": 1, ""502"": 23, ""319"": 6, ""605"": 2}"
scrapy,6aa4d2b4ab28b8f657645de613295ea2498e8cee,23,26,1281,1312,17,1,"{""703"": 1179, ""78"": 62, ""20"": 7, ""259"": 9, ""330"": 34, ""22"": 2, ""327"": 12, ""377"": 1, ""502"": 16, ""319"": 6, ""605"": 2}"
scrapy,6ae5b9267145e5b01d282f766fa90d129eb40390,33,31,1306,1351,18,1,"{""703"": 1193, ""78"": 68, ""20"": 9, ""259"": 10, ""330"": 36, ""22"": 2, ""327"": 20, ""377"": 1, ""502"": 23, ""319"": 6, ""605"": 2}"
scrapy,76a8badd24cea6509df24e070f7fc06f47ee9ac3,33,31,1306,1351,18,1,"{""703"": 1193, ""78"": 68, ""20"": 9, ""259"": 10, ""330"": 36, ""22"": 2, ""327"": 20, ""377"": 1, ""502"": 23, ""319"": 6, ""605"": 2}"
scrapy,783b98dedaea65e0c6658d9d588328dd887c2c8a,33,31,1306,1351,18,1,"{""703"": 1193, ""78"": 68, ""20"": 9, ""259"": 10, ""330"": 36, ""22"": 2, ""327"": 20, ""377"": 1, ""502"": 23, ""319"": 6, ""605"": 2}"
scrapy,7d5b189c1147e8aad632d4ef6759cc391d2017ac,33,31,1306,1351,18,1,"{""703"": 1193, ""78"": 68, ""20"": 9, ""259"": 10, ""330"": 36, ""22"": 2, ""327"": 20, ""377"": 1, ""502"": 23, ""319"": 6, ""605"": 2}"
scrapy,7dd92e6e4341dc6d5ba70a20d7e89edb3a87fba9,33,31,1299,1344,18,1,"{""703"": 1186, ""78"": 68, ""20"": 9, ""259"": 10, ""330"": 36, ""22"": 2, ""327"": 20, ""377"": 1, ""502"": 23, ""319"": 6, ""605"": 2}"
scrapy,7dfbecd3924a0d7a9e555e9cc3618cdb06b5415d,33,31,1306,1351,18,1,"{""703"": 1193, ""78"": 68, ""20"": 9, ""259"": 10, ""330"": 36, ""22"": 2, ""327"": 20, ""377"": 1, ""502"": 23, ""319"": 6, ""605"": 2}"
scrapy,7e61ff352439d3e5c85785fc26b5503e4fed67b8,33,31,1306,1351,18,1,"{""703"": 1193, ""78"": 68, ""20"": 9, ""259"": 10, ""330"": 36, ""22"": 2, ""327"": 20, ""377"": 1, ""502"": 23, ""319"": 6, ""605"": 2}"
scrapy,802c67072cb1fb47c8f1033dd51cab557c72b6a4,33,31,1300,1345,18,1,"{""703"": 1187, ""78"": 68, ""20"": 9, ""259"": 10, ""330"": 36, ""22"": 2, ""327"": 20, ""377"": 1, ""502"": 23, ""319"": 6, ""605"": 2}"
scrapy,838ff99f37d88214829018c6a7dd2a84fdb418b4,33,31,1306,1351,18,1,"{""703"": 1193, ""78"": 68, ""20"": 9, ""259"": 10, ""330"": 36, ""22"": 2, ""327"": 20, ""377"": 1, ""502"": 23, ""319"": 6, ""605"": 2}"
scrapy,83d4939d41ab8790587f721755a74f883cc04e31,23,24,1248,1279,15,1,"{""703"": 1146, ""78"": 62, ""20"": 7, ""259"": 9, ""330"": 34, ""22"": 2, ""327"": 10, ""377"": 1, ""502"": 16, ""319"": 6, ""605"": 2}"
scrapy,8700a5b7a92582fb1dc2a8fad7e41aa79948258b,23,26,1275,1306,17,1,"{""703"": 1173, ""78"": 62, ""20"": 7, ""259"": 9, ""330"": 34, ""22"": 2, ""327"": 12, ""377"": 1, ""502"": 16, ""319"": 6, ""605"": 2}"
scrapy,897e124a27772b9a710f501954f50e3c66e27c79,33,31,1300,1345,18,1,"{""703"": 1187, ""78"": 68, ""20"": 9, ""259"": 10, ""330"": 36, ""22"": 2, ""327"": 20, ""377"": 1, ""502"": 23, ""319"": 6, ""605"": 2}"
scrapy,8c23da943c5e892515f4fa2eb57229839802010a,23,26,1285,1316,17,1,"{""703"": 1183, ""78"": 62, ""20"": 7, ""259"": 9, ""330"": 34, ""22"": 2, ""327"": 12, ""377"": 1, ""502"": 16, ""319"": 6, ""605"": 2}"
scrapy,8c34e6d9a4994abda0059f76dbbdb64c2e8a9751,33,31,1311,1356,18,1,"{""703"": 1198, ""78"": 68, ""20"": 9, ""259"": 10, ""330"": 36, ""22"": 2, ""327"": 20, ""377"": 1, ""502"": 23, ""319"": 6, ""605"": 2}"
scrapy,929d665a74333434c9cede7133ea4f0707dbf9a6,23,26,1281,1312,17,1,"{""703"": 1179, ""78"": 62, ""20"": 7, ""259"": 9, ""330"": 34, ""22"": 2, ""327"": 12, ""377"": 1, ""502"": 16, ""319"": 6, ""605"": 2}"
scrapy,93644f2c30ee74a68584c9e4cdfd0827c2187d34,33,31,1300,1345,18,1,"{""703"": 1187, ""78"": 68, ""20"": 9, ""259"": 10, ""330"": 36, ""22"": 2, ""327"": 20, ""377"": 1, ""502"": 23, ""319"": 6, ""605"": 2}"
scrapy,98a57e241879e1b56ef8bffeb8f85f868e91c1e9,33,31,1306,1351,18,1,"{""703"": 1193, ""78"": 68, ""20"": 9, ""259"": 10, ""330"": 36, ""22"": 2, ""327"": 20, ""377"": 1, ""502"": 23, ""319"": 6, ""605"": 2}"
scrapy,98ba61256deceba7b04b938a97005258f4ef5c66,33,31,1307,1352,18,1,"{""703"": 1194, ""78"": 68, ""20"": 9, ""259"": 10, ""330"": 36, ""22"": 2, ""327"": 20, ""377"": 1, ""502"": 23, ""319"": 6, ""605"": 2}"
scrapy,9bc0029d27d8ed719e2cc2e9077a81450b995b96,33,31,1307,1352,18,1,"{""703"": 1194, ""78"": 68, ""20"": 9, ""259"": 10, ""330"": 36, ""22"": 2, ""327"": 20, ""377"": 1, ""502"": 23, ""319"": 6, ""605"": 2}"
scrapy,9d35428770326a3e833a2720c4f641fa70b58d29,33,31,1306,1351,18,1,"{""703"": 1193, ""78"": 68, ""20"": 9, ""259"": 10, ""330"": 36, ""22"": 2, ""327"": 20, ""377"": 1, ""502"": 23, ""319"": 6, ""605"": 2}"
scrapy,a195af304d2823cc686fd7354790e52239208d82,33,31,1303,1348,18,1,"{""703"": 1190, ""78"": 68, ""20"": 9, ""259"": 10, ""330"": 36, ""22"": 2, ""327"": 20, ""377"": 1, ""502"": 23, ""319"": 6, ""605"": 2}"
scrapy,a898331d14f889c1d4860cf1a364ba28285090a4,33,31,1311,1356,18,1,"{""703"": 1198, ""78"": 68, ""20"": 9, ""259"": 10, ""330"": 36, ""22"": 2, ""327"": 20, ""377"": 1, ""502"": 23, ""319"": 6, ""605"": 2}"
scrapy,b042ad255db139adc740cd97047b6607889f9f1c,23,24,1248,1279,15,1,"{""703"": 1146, ""78"": 62, ""20"": 7, ""259"": 9, ""330"": 34, ""22"": 2, ""327"": 10, ""377"": 1, ""502"": 16, ""319"": 6, ""605"": 2}"
scrapy,b10d46d280fbc84f7a1c50e116a1ed828aa286c9,33,31,1306,1351,18,1,"{""703"": 1193, ""78"": 68, ""20"": 9, ""259"": 10, ""330"": 36, ""22"": 2, ""327"": 20, ""377"": 1, ""502"": 23, ""319"": 6, ""605"": 2}"
scrapy,b1f9e56693cd2000ddcea922306f726f3e9339af,23,26,1285,1316,17,1,"{""703"": 1183, ""78"": 62, ""20"": 7, ""259"": 9, ""330"": 34, ""22"": 2, ""327"": 12, ""377"": 1, ""502"": 16, ""319"": 6, ""605"": 2}"
scrapy,b70443f2d06b1b0ad8c474fc5e8a424e363bdd81,33,31,1306,1351,18,1,"{""703"": 1193, ""78"": 68, ""20"": 9, ""259"": 10, ""330"": 36, ""22"": 2, ""327"": 20, ""377"": 1, ""502"": 23, ""319"": 6, ""605"": 2}"
scrapy,ba30f64268c011387959e939032315b9462da638,23,26,1289,1320,17,1,"{""703"": 1187, ""78"": 62, ""20"": 7, ""259"": 9, ""330"": 34, ""22"": 2, ""327"": 12, ""377"": 1, ""502"": 16, ""319"": 6, ""605"": 2}"
scrapy,ba5df629a2004ca0d919d8b7f0a7f5725448e50a,33,31,1306,1351,18,1,"{""703"": 1193, ""78"": 68, ""20"": 9, ""259"": 10, ""330"": 36, ""22"": 2, ""327"": 20, ""377"": 1, ""502"": 23, ""319"": 6, ""605"": 2}"
scrapy,bc1aeeefc970fbd123699e0cb6d8486141bf8418,33,31,1306,1351,18,1,"{""703"": 1193, ""78"": 68, ""20"": 9, ""259"": 10, ""330"": 36, ""22"": 2, ""327"": 20, ""377"": 1, ""502"": 23, ""319"": 6, ""605"": 2}"
scrapy,bfcee452b0f90dc3c642604bb77cd37f22ac0af1,23,26,1281,1312,17,1,"{""703"": 1179, ""78"": 62, ""20"": 7, ""259"": 9, ""330"": 34, ""22"": 2, ""327"": 12, ""377"": 1, ""502"": 16, ""319"": 6, ""605"": 2}"
scrapy,c003fc0841367227aff3c2c1192fe60abbd1a458,33,31,1300,1345,18,1,"{""703"": 1187, ""78"": 68, ""20"": 9, ""259"": 10, ""330"": 36, ""22"": 2, ""327"": 20, ""377"": 1, ""502"": 23, ""319"": 6, ""605"": 2}"
scrapy,c03fb2abb8c354c56c4e8363fc602d49f956c280,33,31,1306,1351,18,1,"{""703"": 1193, ""78"": 68, ""20"": 9, ""259"": 10, ""330"": 36, ""22"": 2, ""327"": 20, ""377"": 1, ""502"": 23, ""319"": 6, ""605"": 2}"
scrapy,c184f12ab5cb6239fc7b2f27ad75be45930dc871,23,26,1289,1320,17,1,"{""703"": 1187, ""78"": 62, ""20"": 7, ""259"": 9, ""330"": 34, ""22"": 2, ""327"": 12, ""377"": 1, ""502"": 16, ""319"": 6, ""605"": 2}"
scrapy,c200458f24a2e55dece5df5c22f39a0d1b4ff341,33,31,1311,1356,18,1,"{""703"": 1198, ""78"": 68, ""20"": 9, ""259"": 10, ""330"": 36, ""22"": 2, ""327"": 20, ""377"": 1, ""502"": 23, ""319"": 6, ""605"": 2}"
scrapy,c2832ed1316b25813870a3ef8ebc15473a35d82f,33,31,1300,1345,18,1,"{""703"": 1187, ""78"": 68, ""20"": 9, ""259"": 10, ""330"": 36, ""22"": 2, ""327"": 20, ""377"": 1, ""502"": 23, ""319"": 6, ""605"": 2}"
scrapy,c5ed0fd45cfcee15cf59eb92f40c12ca29ecc890,33,31,1303,1348,18,1,"{""703"": 1190, ""78"": 68, ""20"": 9, ""259"": 10, ""330"": 36, ""22"": 2, ""327"": 20, ""377"": 1, ""502"": 23, ""319"": 6, ""605"": 2}"
scrapy,c87354cd46afdba35ca104a62b0c2bbfa6bd6f64,33,31,1306,1351,18,1,"{""703"": 1193, ""78"": 68, ""20"": 9, ""259"": 10, ""330"": 36, ""22"": 2, ""327"": 20, ""377"": 1, ""502"": 23, ""319"": 6, ""605"": 2}"
scrapy,ca345a3b73904ffd6d2e8ffb17c45ebb69639d26,33,31,1307,1352,18,1,"{""703"": 1194, ""78"": 68, ""20"": 9, ""259"": 10, ""330"": 36, ""22"": 2, ""327"": 20, ""377"": 1, ""502"": 23, ""319"": 6, ""605"": 2}"
scrapy,cc146b9df7c6039ab0e0654b5844f5978e5bc565,23,26,1289,1320,17,1,"{""703"": 1187, ""78"": 62, ""20"": 7, ""259"": 9, ""330"": 34, ""22"": 2, ""327"": 12, ""377"": 1, ""502"": 16, ""319"": 6, ""605"": 2}"
scrapy,cc484efd43b0f8ba0dc89904a7d38086775c44ae,33,31,1303,1348,18,1,"{""703"": 1190, ""78"": 68, ""20"": 9, ""259"": 10, ""330"": 36, ""22"": 2, ""327"": 20, ""377"": 1, ""502"": 23, ""319"": 6, ""605"": 2}"
scrapy,cde0845ab2ac390ad7671f50f52e7b6033d4bbc1,33,31,1300,1345,18,1,"{""703"": 1187, ""78"": 68, ""20"": 9, ""259"": 10, ""330"": 36, ""22"": 2, ""327"": 20, ""377"": 1, ""502"": 23, ""319"": 6, ""605"": 2}"
scrapy,cec0aeca58730b592bec50299414d4bf30fc9ec0,33,31,1306,1351,18,1,"{""703"": 1193, ""78"": 68, ""20"": 9, ""259"": 10, ""330"": 36, ""22"": 2, ""327"": 20, ""377"": 1, ""502"": 23, ""319"": 6, ""605"": 2}"
scrapy,d27c6b46b11c2ceaa61b35372ad8a3c98185aa18,33,31,1306,1351,18,1,"{""703"": 1193, ""78"": 68, ""20"": 9, ""259"": 10, ""330"": 36, ""22"": 2, ""327"": 20, ""377"": 1, ""502"": 23, ""319"": 6, ""605"": 2}"
scrapy,d47f142d0ffff0e8f87eee67c4c0e7edbc71613e,23,26,1289,1320,17,1,"{""703"": 1187, ""78"": 62, ""20"": 7, ""259"": 9, ""330"": 34, ""22"": 2, ""327"": 12, ""377"": 1, ""502"": 16, ""319"": 6, ""605"": 2}"
scrapy,d4b152bbf64591317d2d7ec9dfed0746e7bdb8e1,33,31,1306,1351,18,1,"{""703"": 1193, ""78"": 68, ""20"": 9, ""259"": 10, ""330"": 36, ""22"": 2, ""327"": 20, ""377"": 1, ""502"": 23, ""319"": 6, ""605"": 2}"
scrapy,d6bf1464b875d40be489568bede8e8319ff770c9,23,26,1289,1320,17,1,"{""703"": 1187, ""78"": 62, ""20"": 7, ""259"": 9, ""330"": 34, ""22"": 2, ""327"": 12, ""377"": 1, ""502"": 16, ""319"": 6, ""605"": 2}"
scrapy,d7168577b859d15a15c2bcbc6c4f607a62be7478,33,31,1307,1352,18,1,"{""703"": 1194, ""78"": 68, ""20"": 9, ""259"": 10, ""330"": 36, ""22"": 2, ""327"": 20, ""377"": 1, ""502"": 23, ""319"": 6, ""605"": 2}"
scrapy,d8978d405c32ee63375e09bf0b66b1e803da3d08,33,31,1306,1351,18,1,"{""703"": 1193, ""78"": 68, ""20"": 9, ""259"": 10, ""330"": 36, ""22"": 2, ""327"": 20, ""377"": 1, ""502"": 23, ""319"": 6, ""605"": 2}"
scrapy,dc4d6d16ead45932a564ea37eef03da92714f5cf,23,26,1281,1312,17,1,"{""703"": 1179, ""78"": 62, ""20"": 7, ""259"": 9, ""330"": 34, ""22"": 2, ""327"": 12, ""377"": 1, ""502"": 16, ""319"": 6, ""605"": 2}"
scrapy,dc706d4fc307f0b51d8122f10dee6ad8e2653629,33,31,1306,1351,18,1,"{""703"": 1193, ""78"": 68, ""20"": 9, ""259"": 10, ""330"": 36, ""22"": 2, ""327"": 20, ""377"": 1, ""502"": 23, ""319"": 6, ""605"": 2}"
scrapy,df688910e0499b0a874d220fe00ed7355a70fce0,33,31,1306,1351,18,1,"{""703"": 1193, ""78"": 68, ""20"": 9, ""259"": 10, ""330"": 36, ""22"": 2, ""327"": 20, ""377"": 1, ""502"": 23, ""319"": 6, ""605"": 2}"
scrapy,e0c828b7f665d8c82e17787996634bc072e416ae,33,31,1307,1352,18,1,"{""703"": 1194, ""78"": 68, ""20"": 9, ""259"": 10, ""330"": 36, ""22"": 2, ""327"": 20, ""377"": 1, ""502"": 23, ""319"": 6, ""605"": 2}"
scrapy,e53d6f09bc584f752200a11b686ec628b8c4c09d,23,26,1289,1320,17,1,"{""703"": 1187, ""78"": 62, ""20"": 7, ""259"": 9, ""330"": 34, ""22"": 2, ""327"": 12, ""377"": 1, ""502"": 16, ""319"": 6, ""605"": 2}"
scrapy,e7595837a60b896eb0efed4b452b0bdd62e8039f,33,31,1300,1345,18,1,"{""703"": 1187, ""78"": 68, ""20"": 9, ""259"": 10, ""330"": 36, ""22"": 2, ""327"": 20, ""377"": 1, ""502"": 23, ""319"": 6, ""605"": 2}"
scrapy,eda1a8a7c5b3b61aedd5fcc2e3950b7af28a2926,23,26,1275,1306,17,1,"{""703"": 1173, ""78"": 62, ""20"": 7, ""259"": 9, ""330"": 34, ""22"": 2, ""327"": 12, ""377"": 1, ""502"": 16, ""319"": 6, ""605"": 2}"
scrapy,eda3a89b3fe3e88ed8b90d032a2f25b92a1b79ca,23,24,1248,1279,15,1,"{""703"": 1146, ""78"": 62, ""20"": 7, ""259"": 9, ""330"": 34, ""22"": 2, ""327"": 10, ""377"": 1, ""502"": 16, ""319"": 6, ""605"": 2}"
scrapy,ede9e9c3c3f9a9049fea2a6be0339b2c7434b8a1,33,31,1306,1351,18,1,"{""703"": 1193, ""78"": 68, ""20"": 9, ""259"": 10, ""330"": 36, ""22"": 2, ""327"": 20, ""377"": 1, ""502"": 23, ""319"": 6, ""605"": 2}"
scrapy,ee4f527f47111c18ddef0c2369c1dede7447a4e9,33,31,1307,1352,18,1,"{""703"": 1194, ""78"": 68, ""20"": 9, ""259"": 10, ""330"": 36, ""22"": 2, ""327"": 20, ""377"": 1, ""502"": 23, ""319"": 6, ""605"": 2}"
scrapy,efb53aafdcaae058962c6189ddecb3dc62b02c31,23,26,1285,1316,17,1,"{""703"": 1183, ""78"": 62, ""20"": 7, ""259"": 9, ""330"": 34, ""22"": 2, ""327"": 12, ""377"": 1, ""502"": 16, ""319"": 6, ""605"": 2}"
scrapy,f041f26a6ff636b764d2bf584ddbc9b9e4334d1b,33,31,1306,1351,18,1,"{""703"": 1193, ""78"": 68, ""20"": 9, ""259"": 10, ""330"": 36, ""22"": 2, ""327"": 20, ""377"": 1, ""502"": 23, ""319"": 6, ""605"": 2}"
scrapy,f2234c5b96d4069d6881aacb7007ba3d305dfb0e,33,31,1306,1351,18,1,"{""703"": 1193, ""78"": 68, ""20"": 9, ""259"": 10, ""330"": 36, ""22"": 2, ""327"": 20, ""377"": 1, ""502"": 23, ""319"": 6, ""605"": 2}"
scrapy,f44ca39fa23f07c857a34309d79db6394c5faefb,33,31,1306,1351,18,1,"{""703"": 1193, ""78"": 68, ""20"": 9, ""259"": 10, ""330"": 36, ""22"": 2, ""327"": 20, ""377"": 1, ""502"": 23, ""319"": 6, ""605"": 2}"
scrapy,f4d8d6d8acf8ed26230c3c2b2b51425659de7105,23,26,1289,1320,17,1,"{""703"": 1187, ""78"": 62, ""20"": 7, ""259"": 9, ""330"": 34, ""22"": 2, ""327"": 12, ""377"": 1, ""502"": 16, ""319"": 6, ""605"": 2}"
scrapy,f796d8780c75543eadb6cf3689c7d0ca02896f0c,23,24,1275,1306,15,1,"{""703"": 1173, ""78"": 62, ""20"": 7, ""259"": 9, ""330"": 34, ""22"": 2, ""327"": 10, ""377"": 1, ""502"": 16, ""319"": 6, ""605"": 2}"
scrapy,f7af7b282d6d3b36689cc192e6f78c065e32fb89,33,31,1306,1351,18,1,"{""703"": 1193, ""78"": 68, ""20"": 9, ""259"": 10, ""330"": 36, ""22"": 2, ""327"": 20, ""377"": 1, ""502"": 23, ""319"": 6, ""605"": 2}"
scrapy,feea3a0f67f8e6f32ae6452f485709db16146c5e,23,26,1281,1312,17,1,"{""703"": 1179, ""78"": 62, ""20"": 7, ""259"": 9, ""330"": 34, ""22"": 2, ""327"": 12, ""377"": 1, ""502"": 16, ""319"": 6, ""605"": 2}"
